sample_id,modality,source_duration_s,effective_duration_s,feature_dim,native_length,aligned_length,aligned_valid_length,padding_count,native_granularity,aligned_granularity,padding_rule,status
-3g5yACwYnA__13,audio,5.399125,5.399125,27,108,84,18,64,20 Hz,WordPiece with CTC word interval,zero; padding_mask=true,extracted_unreviewed
-3g5yACwYnA__13,text,5.399125,2.5199999999999996,768,20,84,20,64,source transcript tokens,WordPiece with CTC word interval,zero; padding_mask=true,extracted_unreviewed
-3g5yACwYnA__13,vision,5.5,5.5,15,83,84,18,64,15 Hz nearest original PTS,WordPiece with CTC word interval,zero; padding_mask=true,extracted_unreviewed
-3g5yACwYnA__2,audio,9.2313125,9.2313125,27,185,84,17,65,20 Hz,WordPiece with CTC word interval,zero; padding_mask=true,extracted_unreviewed
-3g5yACwYnA__2,text,9.2313125,2.919999999999998,768,19,84,19,65,source transcript tokens,WordPiece with CTC word interval,zero; padding_mask=true,extracted_unreviewed
-3g5yACwYnA__2,vision,9.366666666666667,9.366666666666667,15,140,84,17,65,15 Hz nearest original PTS,WordPiece with CTC word interval,zero; padding_mask=true,extracted_unreviewed
-3g5yACwYnA__3,audio,14.327875,14.327875,27,287,84,40,42,20 Hz,WordPiece with CTC word interval,zero; padding_mask=true,extracted_unreviewed
-3g5yACwYnA__3,text,14.327875,6.500000000000008,768,42,84,42,42,source transcript tokens,WordPiece with CTC word interval,zero; padding_mask=true,extracted_unreviewed
-3g5yACwYnA__3,vision,14.366666666666667,14.366666666666667,15,216,84,40,42,15 Hz nearest original PTS,WordPiece with CTC word interval,zero; padding_mask=true,extracted_unreviewed
-3g5yACwYnA__9,audio,8.696125,8.696125,27,174,84,28,54,20 Hz,WordPiece with CTC word interval,zero; padding_mask=true,extracted_unreviewed
-3g5yACwYnA__9,text,8.696125,4.980000000000001,768,30,84,30,54,source transcript tokens,WordPiece with CTC word interval,zero; padding_mask=true,extracted_unreviewed
-3g5yACwYnA__9,vision,8.8,8.8,15,132,84,28,54,15 Hz nearest original PTS,WordPiece with CTC word interval,zero; padding_mask=true,extracted_unreviewed
-3nNcZdcdvU__5,audio,7.7885625,7.7885625,27,156,84,22,60,20 Hz,WordPiece with CTC word interval,zero; padding_mask=true,extracted_unreviewed
-3nNcZdcdvU__5,text,7.7885625,4.54,768,24,84,24,60,source transcript tokens,WordPiece with CTC word interval,zero; padding_mask=true,extracted_unreviewed
-3nNcZdcdvU__5,vision,7.866666666666666,7.766666666666667,15,118,84,22,60,15 Hz nearest original PTS,WordPiece with CTC word interval,zero; padding_mask=true,extracted_unreviewed
-571d8cVauQ__0,audio,4.9923125,4.9923125,27,100,84,16,66,20 Hz,WordPiece with CTC word interval,zero; padding_mask=true,extracted_unreviewed
-571d8cVauQ__0,text,4.9923125,2.58,768,18,84,18,66,source transcript tokens,WordPiece with CTC word interval,zero; padding_mask=true,extracted_unreviewed
-571d8cVauQ__0,vision,5.166666666666667,5.0,15,77,84,16,66,15 Hz nearest original PTS,WordPiece with CTC word interval,zero; padding_mask=true,extracted_unreviewed
-571d8cVauQ__5,audio,15.11525,15.11525,27,303,84,52,30,20 Hz,WordPiece with CTC word interval,zero; padding_mask=true,extracted_unreviewed
-571d8cVauQ__5,text,15.11525,7.579999999999997,768,54,84,54,30,source transcript tokens,WordPiece with CTC word interval,zero; padding_mask=true,extracted_unreviewed
-571d8cVauQ__5,vision,15.266666666666666,15.266666666666666,15,229,84,52,30,15 Hz nearest original PTS,WordPiece with CTC word interval,zero; padding_mask=true,extracted_unreviewed
-6rXp3zJ3kc__8,audio,12.738,12.738,27,255,84,38,44,20 Hz,WordPiece with CTC word interval,zero; padding_mask=true,extracted_unreviewed
-6rXp3zJ3kc__8,text,12.738,6.24,768,40,84,40,44,source transcript tokens,WordPiece with CTC word interval,zero; padding_mask=true,extracted_unreviewed
-6rXp3zJ3kc__8,vision,12.8,12.8,15,192,84,38,44,15 Hz nearest original PTS,WordPiece with CTC word interval,zero; padding_mask=true,extracted_unreviewed
-9y-fZ3swSY__0,audio,6.757,6.757,27,136,84,28,54,20 Hz,WordPiece with CTC word interval,zero; padding_mask=true,extracted_unreviewed
-9y-fZ3swSY__0,text,6.757,3.7000000000000006,768,30,84,30,54,source transcript tokens,WordPiece with CTC word interval,zero; padding_mask=true,extracted_unreviewed
-9y-fZ3swSY__0,vision,6.8999999999999995,6.8999999999999995,15,104,84,28,54,15 Hz nearest original PTS,WordPiece with CTC word interval,zero; padding_mask=true,extracted_unreviewed
-9y-fZ3swSY__4,audio,2.6648125,2.6648125,27,54,84,11,71,20 Hz,WordPiece with CTC word interval,zero; padding_mask=true,extracted_unreviewed
-9y-fZ3swSY__4,text,2.6648125,1.3199999999999998,768,13,84,13,71,source transcript tokens,WordPiece with CTC word interval,zero; padding_mask=true,extracted_unreviewed
-9y-fZ3swSY__4,vision,2.8,2.8,15,42,84,11,71,15 Hz nearest original PTS,WordPiece with CTC word interval,zero; padding_mask=true,extracted_unreviewed
-9y-fZ3swSY__8,audio,4.917,4.917,27,99,84,14,68,20 Hz,WordPiece with CTC word interval,zero; padding_mask=true,extracted_unreviewed
-9y-fZ3swSY__8,text,4.917,2.24,768,16,84,16,68,source transcript tokens,WordPiece with CTC word interval,zero; padding_mask=true,extracted_unreviewed
-9y-fZ3swSY__8,vision,4.966666666666667,4.966666666666667,15,75,84,14,68,15 Hz nearest original PTS,WordPiece with CTC word interval,zero; padding_mask=true,extracted_unreviewed
-AUZQgSxyPQ__2,audio,22.4045625,22.4045625,27,449,84,56,26,20 Hz,WordPiece with CTC word interval,zero; padding_mask=true,extracted_unreviewed
-AUZQgSxyPQ__2,text,22.4045625,12.459999999999994,768,58,84,58,26,source transcript tokens,WordPiece with CTC word interval,zero; padding_mask=true,extracted_unreviewed
-AUZQgSxyPQ__2,vision,22.5,22.5,15,338,84,56,26,15 Hz nearest original PTS,WordPiece with CTC word interval,zero; padding_mask=true,extracted_unreviewed
-HeZS2-Prhc__2,audio,8.150875,8.150875,27,164,84,17,65,20 Hz,WordPiece with CTC word interval,zero; padding_mask=true,extracted_unreviewed
-HeZS2-Prhc__2,text,8.150875,3.7199999999999998,768,19,84,19,65,source transcript tokens,WordPiece with CTC word interval,zero; padding_mask=true,extracted_unreviewed
-HeZS2-Prhc__2,vision,8.233333333333333,8.233333333333333,15,124,84,17,65,15 Hz nearest original PTS,WordPiece with CTC word interval,zero; padding_mask=true,extracted_unreviewed
-HwX2H8Z4hY__2,audio,3.9158125,3.9158125,27,79,84,11,70,20 Hz,WordPiece with CTC word interval,zero; padding_mask=true,extracted_unreviewed
-HwX2H8Z4hY__2,text,3.9158125,1.1799999999999995,768,14,84,14,70,source transcript tokens,WordPiece with CTC word interval,zero; padding_mask=true,extracted_unreviewed
-HwX2H8Z4hY__2,vision,3.9666666666666663,1.2666666666666662,15,60,84,4,70,15 Hz nearest original PTS,WordPiece with CTC word interval,zero; padding_mask=true,extracted_unreviewed
-HwX2H8Z4hY__5,audio,5.5440625,5.5440625,27,111,84,9,72,20 Hz,WordPiece with CTC word interval,zero; padding_mask=true,extracted_unreviewed
-HwX2H8Z4hY__5,text,5.5440625,3.399999999999999,768,12,84,12,72,source transcript tokens,WordPiece with CTC word interval,zero; padding_mask=true,extracted_unreviewed
-HwX2H8Z4hY__5,vision,5.633333333333333,5.633333333333333,15,85,84,9,72,15 Hz nearest original PTS,WordPiece with CTC word interval,zero; padding_mask=true,extracted_unreviewed
-HwX2H8Z4hY__6,audio,3.256,3.256,27,66,84,9,73,20 Hz,WordPiece with CTC word interval,zero; padding_mask=true,extracted_unreviewed
-HwX2H8Z4hY__6,text,3.256,1.2999999999999998,768,11,84,11,73,source transcript tokens,WordPiece with CTC word interval,zero; padding_mask=true,extracted_unreviewed
-HwX2H8Z4hY__6,vision,3.333333333333333,3.033333333333334,15,50,84,9,73,15 Hz nearest original PTS,WordPiece with CTC word interval,zero; padding_mask=true,extracted_unreviewed
-HwX2H8Z4hY__9,audio,7.6363125,7.6363125,27,153,84,24,58,20 Hz,WordPiece with CTC word interval,zero; padding_mask=true,extracted_unreviewed
-HwX2H8Z4hY__9,text,7.6363125,5.079999999999998,768,26,84,26,58,source transcript tokens,WordPiece with CTC word interval,zero; padding_mask=true,extracted_unreviewed
-HwX2H8Z4hY__9,vision,7.733333333333333,0.13333333333333314,15,116,84,1,58,15 Hz nearest original PTS,WordPiece with CTC word interval,zero; padding_mask=true,extracted_unreviewed
-I_e4mIh0yE__1,audio,7.4443125,7.4443125,27,149,84,21,61,20 Hz,WordPiece with CTC word interval,zero; padding_mask=true,extracted_unreviewed
-I_e4mIh0yE__1,text,7.4443125,3.539999999999998,768,23,84,23,61,source transcript tokens,WordPiece with CTC word interval,zero; padding_mask=true,extracted_unreviewed
-I_e4mIh0yE__1,vision,7.6,7.6,15,114,84,21,61,15 Hz nearest original PTS,WordPiece with CTC word interval,zero; padding_mask=true,extracted_unreviewed
-I_e4mIh0yE__3,audio,8.994375,8.994375,27,180,84,30,52,20 Hz,WordPiece with CTC word interval,zero; padding_mask=true,extracted_unreviewed
-I_e4mIh0yE__3,text,8.994375,4.439999999999998,768,32,84,32,52,source transcript tokens,WordPiece with CTC word interval,zero; padding_mask=true,extracted_unreviewed
-I_e4mIh0yE__3,vision,9.133333333333333,9.133333333333333,15,137,84,30,52,15 Hz nearest original PTS,WordPiece with CTC word interval,zero; padding_mask=true,extracted_unreviewed
-MeTTeMJBNc__0,audio,9.2183125,9.2183125,27,185,84,26,56,20 Hz,WordPiece with CTC word interval,zero; padding_mask=true,extracted_unreviewed
-MeTTeMJBNc__0,text,9.2183125,4.9399999999999995,768,28,84,28,56,source transcript tokens,WordPiece with CTC word interval,zero; padding_mask=true,extracted_unreviewed
-MeTTeMJBNc__0,vision,9.333333333333334,9.3,15,140,84,26,56,15 Hz nearest original PTS,WordPiece with CTC word interval,zero; padding_mask=true,extracted_unreviewed
-MeTTeMJBNc__13,audio,5.2555,5.2555,27,106,84,16,66,20 Hz,WordPiece with CTC word interval,zero; padding_mask=true,extracted_unreviewed
-MeTTeMJBNc__13,text,5.2555,2.5200000000000005,768,18,84,18,66,source transcript tokens,WordPiece with CTC word interval,zero; padding_mask=true,extracted_unreviewed
-MeTTeMJBNc__13,vision,5.3999999999999995,5.3999999999999995,15,81,84,16,66,15 Hz nearest original PTS,WordPiece with CTC word interval,zero; padding_mask=true,extracted_unreviewed
-MeTTeMJBNc__7,audio,10.4113125,10.4113125,27,209,84,33,49,20 Hz,WordPiece with CTC word interval,zero; padding_mask=true,extracted_unreviewed
-MeTTeMJBNc__7,text,10.4113125,5.799999999999997,768,35,84,35,49,source transcript tokens,WordPiece with CTC word interval,zero; padding_mask=true,extracted_unreviewed
-MeTTeMJBNc__7,vision,10.5,10.5,15,158,84,33,49,15 Hz nearest original PTS,WordPiece with CTC word interval,zero; padding_mask=true,extracted_unreviewed
-NFrJFQijFE__1,audio,5.658875,5.658875,27,114,84,16,66,20 Hz,WordPiece with CTC word interval,zero; padding_mask=true,extracted_unreviewed
-NFrJFQijFE__1,text,5.658875,2.6599999999999993,768,18,84,18,66,source transcript tokens,WordPiece with CTC word interval,zero; padding_mask=true,extracted_unreviewed
-NFrJFQijFE__1,vision,5.72,0.0,15,86,84,0,66,15 Hz nearest original PTS,WordPiece with CTC word interval,zero; padding_mask=true,extracted_unreviewed
-NFrJFQijFE__2,audio,6.6983125,6.6983125,27,134,84,18,64,20 Hz,WordPiece with CTC word interval,zero; padding_mask=true,extracted_unreviewed
-NFrJFQijFE__2,text,6.6983125,4.3,768,20,84,20,64,source transcript tokens,WordPiece with CTC word interval,zero; padding_mask=true,extracted_unreviewed
-NFrJFQijFE__2,vision,6.84,0.0,15,102,84,0,64,15 Hz nearest original PTS,WordPiece with CTC word interval,zero; padding_mask=true,extracted_unreviewed
-RfYyzHpjk4__11,audio,5.074875,5.074875,27,102,84,19,63,20 Hz,WordPiece with CTC word interval,zero; padding_mask=true,extracted_unreviewed
-RfYyzHpjk4__11,text,5.074875,2.480000000000001,768,21,84,21,63,source transcript tokens,WordPiece with CTC word interval,zero; padding_mask=true,extracted_unreviewed
-RfYyzHpjk4__11,vision,5.233333333333333,5.233333333333333,15,78,84,19,63,15 Hz nearest original PTS,WordPiece with CTC word interval,zero; padding_mask=true,extracted_unreviewed
-RfYyzHpjk4__2,audio,5.3918125,5.3918125,27,108,84,29,53,20 Hz,WordPiece with CTC word interval,zero; padding_mask=true,extracted_unreviewed
-RfYyzHpjk4__2,text,5.3918125,3.1200000000000006,768,31,84,31,53,source transcript tokens,WordPiece with CTC word interval,zero; padding_mask=true,extracted_unreviewed
-RfYyzHpjk4__2,vision,5.5,5.5,15,83,84,29,53,15 Hz nearest original PTS,WordPiece with CTC word interval,zero; padding_mask=true,extracted_unreviewed
-RfYyzHpjk4__8,audio,4.532375,4.532375,27,91,84,21,61,20 Hz,WordPiece with CTC word interval,zero; padding_mask=true,extracted_unreviewed
-RfYyzHpjk4__8,text,4.532375,2.3200000000000003,768,23,84,23,61,source transcript tokens,WordPiece with CTC word interval,zero; padding_mask=true,extracted_unreviewed
-RfYyzHpjk4__8,vision,4.566666666666666,4.566666666666666,15,69,84,21,61,15 Hz nearest original PTS,WordPiece with CTC word interval,zero; padding_mask=true,extracted_unreviewed
-THoVjtIkeU__12,audio,14.8055625,14.8055625,27,297,84,42,40,20 Hz,WordPiece with CTC word interval,zero; padding_mask=true,extracted_unreviewed
-THoVjtIkeU__12,text,14.8055625,8.820000000000006,768,44,84,44,40,source transcript tokens,WordPiece with CTC word interval,zero; padding_mask=true,extracted_unreviewed
-THoVjtIkeU__12,vision,14.866666666666667,14.866666666666667,15,223,84,42,40,15 Hz nearest original PTS,WordPiece with CTC word interval,zero; padding_mask=true,extracted_unreviewed
-THoVjtIkeU__2,audio,4.230875,4.230875,27,85,84,11,71,20 Hz,WordPiece with CTC word interval,zero; padding_mask=true,extracted_unreviewed
-THoVjtIkeU__2,text,4.230875,2.200000000000001,768,13,84,13,71,source transcript tokens,WordPiece with CTC word interval,zero; padding_mask=true,extracted_unreviewed
-THoVjtIkeU__2,vision,4.266666666666667,4.266666666666667,15,64,84,11,71,15 Hz nearest original PTS,WordPiece with CTC word interval,zero; padding_mask=true,extracted_unreviewed
-THoVjtIkeU__6,audio,7.982875,7.982875,27,160,84,32,50,20 Hz,WordPiece with CTC word interval,zero; padding_mask=true,extracted_unreviewed
-THoVjtIkeU__6,text,7.982875,4.360000000000002,768,34,84,34,50,source transcript tokens,WordPiece with CTC word interval,zero; padding_mask=true,extracted_unreviewed
-THoVjtIkeU__6,vision,8.066666666666666,8.0,15,121,84,32,50,15 Hz nearest original PTS,WordPiece with CTC word interval,zero; padding_mask=true,extracted_unreviewed
-UUCSKoHeMA__0,audio,7.73225,7.73225,27,155,84,23,59,20 Hz,WordPiece with CTC word interval,zero; padding_mask=true,extracted_unreviewed
-UUCSKoHeMA__0,text,7.73225,3.760000000000001,768,25,84,25,59,source transcript tokens,WordPiece with CTC word interval,zero; padding_mask=true,extracted_unreviewed
-UUCSKoHeMA__0,vision,7.866666666666666,7.833333333333333,15,118,84,23,59,15 Hz nearest original PTS,WordPiece with CTC word interval,zero; padding_mask=true,extracted_unreviewed
-UacrmKiTn4__10,audio,7.2420625,7.2420625,27,145,84,22,60,20 Hz,WordPiece with CTC word interval,zero; padding_mask=true,extracted_unreviewed
-UacrmKiTn4__10,text,7.2420625,3.580000000000001,768,24,84,24,60,source transcript tokens,WordPiece with CTC word interval,zero; padding_mask=true,extracted_unreviewed
-UacrmKiTn4__10,vision,7.333333333333333,7.333333333333333,15,110,84,22,60,15 Hz nearest original PTS,WordPiece with CTC word interval,zero; padding_mask=true,extracted_unreviewed
-UacrmKiTn4__4,audio,4.6819375,4.6819375,27,94,84,15,67,20 Hz,WordPiece with CTC word interval,zero; padding_mask=true,extracted_unreviewed
-UacrmKiTn4__4,text,4.6819375,2.6599999999999997,768,17,84,17,67,source transcript tokens,WordPiece with CTC word interval,zero; padding_mask=true,extracted_unreviewed
-UacrmKiTn4__4,vision,4.733333333333333,4.733333333333333,15,71,84,15,67,15 Hz nearest original PTS,WordPiece with CTC word interval,zero; padding_mask=true,extracted_unreviewed
-UuX1xuaiiE__0,audio,3.575875,3.575875,27,72,84,12,70,20 Hz,WordPiece with CTC word interval,zero; padding_mask=true,extracted_unreviewed
-UuX1xuaiiE__0,text,3.575875,2.3,768,14,84,14,70,source transcript tokens,WordPiece with CTC word interval,zero; padding_mask=true,extracted_unreviewed
-UuX1xuaiiE__0,vision,3.6999999999999997,3.6999999999999997,15,56,84,12,70,15 Hz nearest original PTS,WordPiece with CTC word interval,zero; padding_mask=true,extracted_unreviewed
-UuX1xuaiiE__1,audio,10.2675,10.2675,27,206,84,33,49,20 Hz,WordPiece with CTC word interval,zero; padding_mask=true,extracted_unreviewed
-UuX1xuaiiE__1,text,10.2675,4.919999999999998,768,35,84,35,49,source transcript tokens,WordPiece with CTC word interval,zero; padding_mask=true,extracted_unreviewed
-UuX1xuaiiE__1,vision,10.333333333333334,10.333333333333334,15,155,84,33,49,15 Hz nearest original PTS,WordPiece with CTC word interval,zero; padding_mask=true,extracted_unreviewed
-UuX1xuaiiE__3,audio,4.038375,4.038375,27,81,84,9,73,20 Hz,WordPiece with CTC word interval,zero; padding_mask=true,extracted_unreviewed
-UuX1xuaiiE__3,text,4.038375,1.7200000000000002,768,11,84,11,73,source transcript tokens,WordPiece with CTC word interval,zero; padding_mask=true,extracted_unreviewed
-UuX1xuaiiE__3,vision,4.1,4.1,15,62,84,9,73,15 Hz nearest original PTS,WordPiece with CTC word interval,zero; padding_mask=true,extracted_unreviewed
-UuX1xuaiiE__6,audio,7.9438125,7.9438125,27,159,84,23,59,20 Hz,WordPiece with CTC word interval,zero; padding_mask=true,extracted_unreviewed
-UuX1xuaiiE__6,text,7.9438125,4.239999999999998,768,25,84,25,59,source transcript tokens,WordPiece with CTC word interval,zero; padding_mask=true,extracted_unreviewed
-UuX1xuaiiE__6,vision,8.1,8.1,15,121,84,23,59,15 Hz nearest original PTS,WordPiece with CTC word interval,zero; padding_mask=true,extracted_unreviewed
-a55Q6RWvTA__3,audio,22.0833125,22.0833125,27,442,84,82,0,20 Hz,WordPiece with CTC word interval,zero; padding_mask=true,extracted_unreviewed
-a55Q6RWvTA__3,text,22.0833125,12.320000000000002,768,84,84,84,0,source transcript tokens,WordPiece with CTC word interval,zero; padding_mask=true,extracted_unreviewed
-a55Q6RWvTA__3,vision,22.133333333333336,22.133333333333336,15,332,84,82,0,15 Hz nearest original PTS,WordPiece with CTC word interval,zero; padding_mask=true,extracted_unreviewed
-aNfi7CP8vM__7,audio,8.5376875,8.5376875,27,171,84,23,59,20 Hz,WordPiece with CTC word interval,zero; padding_mask=true,extracted_unreviewed
-aNfi7CP8vM__7,text,8.5376875,4.999999999999999,768,25,84,25,59,source transcript tokens,WordPiece with CTC word interval,zero; padding_mask=true,extracted_unreviewed
-aNfi7CP8vM__7,vision,8.666666666666666,8.666666666666666,15,130,84,23,59,15 Hz nearest original PTS,WordPiece with CTC word interval,zero; padding_mask=true,extracted_unreviewed
-aqamKhZ1Ec__0,audio,10.8901875,10.8901875,27,218,84,14,66,20 Hz,WordPiece with CTC word interval,zero; padding_mask=true,extracted_unreviewed
-aqamKhZ1Ec__0,text,10.8901875,7.639999999999998,768,18,84,18,66,source transcript tokens,WordPiece with CTC word interval,zero; padding_mask=true,extracted_unreviewed
-aqamKhZ1Ec__0,vision,11.0,11.0,15,165,84,14,66,15 Hz nearest original PTS,WordPiece with CTC word interval,zero; padding_mask=true,extracted_unreviewed
-dxfTGcXJoc__0,audio,20.410375,20.410375,27,409,84,51,22,20 Hz,WordPiece with CTC word interval,zero; padding_mask=true,extracted_unreviewed
-dxfTGcXJoc__0,text,20.410375,11.240000000000007,768,62,84,62,22,source transcript tokens,WordPiece with CTC word interval,zero; padding_mask=true,extracted_unreviewed
-dxfTGcXJoc__0,vision,20.533333333333335,16.033333333333335,15,308,84,42,22,15 Hz nearest original PTS,WordPiece with CTC word interval,zero; padding_mask=true,extracted_unreviewed
-dxfTGcXJoc__1,audio,16.018125,16.018125,27,321,84,41,40,20 Hz,WordPiece with CTC word interval,zero; padding_mask=true,extracted_unreviewed
-dxfTGcXJoc__1,text,16.018125,9.280000000000003,768,44,84,44,40,source transcript tokens,WordPiece with CTC word interval,zero; padding_mask=true,extracted_unreviewed
-dxfTGcXJoc__1,vision,16.133333333333336,16.133333333333336,15,242,84,41,40,15 Hz nearest original PTS,WordPiece with CTC word interval,zero; padding_mask=true,extracted_unreviewed
-dxfTGcXJoc__2,audio,16.6331875,16.6331875,27,333,84,36,42,20 Hz,WordPiece with CTC word interval,zero; padding_mask=true,extracted_unreviewed
-dxfTGcXJoc__2,text,16.6331875,9.52,768,42,84,42,42,source transcript tokens,WordPiece with CTC word interval,zero; padding_mask=true,extracted_unreviewed
-dxfTGcXJoc__2,vision,16.666666666666668,16.666666666666668,15,250,84,36,42,15 Hz nearest original PTS,WordPiece with CTC word interval,zero; padding_mask=true,extracted_unreviewed
-dxfTGcXJoc__6,audio,12.6284375,12.6284375,27,253,84,32,50,20 Hz,WordPiece with CTC word interval,zero; padding_mask=true,extracted_unreviewed
-dxfTGcXJoc__6,text,12.6284375,8.16,768,34,84,34,50,source transcript tokens,WordPiece with CTC word interval,zero; padding_mask=true,extracted_unreviewed
-dxfTGcXJoc__6,vision,12.733333333333333,12.733333333333333,15,191,84,32,50,15 Hz nearest original PTS,WordPiece with CTC word interval,zero; padding_mask=true,extracted_unreviewed
-egA8-b7-3M__1,audio,10.15625,10.15625,27,204,84,20,60,20 Hz,WordPiece with CTC word interval,zero; padding_mask=true,extracted_unreviewed
-egA8-b7-3M__1,text,10.15625,5.04,768,24,84,24,60,source transcript tokens,WordPiece with CTC word interval,zero; padding_mask=true,extracted_unreviewed
-egA8-b7-3M__1,vision,10.233333333333333,10.233333333333333,15,154,84,20,60,15 Hz nearest original PTS,WordPiece with CTC word interval,zero; padding_mask=true,extracted_unreviewed
-egA8-b7-3M__13,audio,4.023875,4.023875,27,81,84,16,66,20 Hz,WordPiece with CTC word interval,zero; padding_mask=true,extracted_unreviewed
-egA8-b7-3M__13,text,4.023875,2.02,768,18,84,18,66,source transcript tokens,WordPiece with CTC word interval,zero; padding_mask=true,extracted_unreviewed
-egA8-b7-3M__13,vision,4.166666666666667,4.166666666666667,15,63,84,16,66,15 Hz nearest original PTS,WordPiece with CTC word interval,zero; padding_mask=true,extracted_unreviewed
-egA8-b7-3M__16,audio,5.483,5.483,27,110,84,13,69,20 Hz,WordPiece with CTC word interval,zero; padding_mask=true,extracted_unreviewed
-egA8-b7-3M__16,text,5.483,3.36,768,15,84,15,69,source transcript tokens,WordPiece with CTC word interval,zero; padding_mask=true,extracted_unreviewed
-egA8-b7-3M__16,vision,5.533333333333333,5.466666666666667,15,83,84,13,69,15 Hz nearest original PTS,WordPiece with CTC word interval,zero; padding_mask=true,extracted_unreviewed
-egA8-b7-3M__17,audio,7.09525,7.09525,27,142,84,19,63,20 Hz,WordPiece with CTC word interval,zero; padding_mask=true,extracted_unreviewed
-egA8-b7-3M__17,text,7.09525,3.3000000000000025,768,21,84,21,63,source transcript tokens,WordPiece with CTC word interval,zero; padding_mask=true,extracted_unreviewed
-egA8-b7-3M__17,vision,7.266666666666667,7.266666666666667,15,109,84,19,63,15 Hz nearest original PTS,WordPiece with CTC word interval,zero; padding_mask=true,extracted_unreviewed
-egA8-b7-3M__18,audio,8.2656875,8.2656875,27,166,84,27,55,20 Hz,WordPiece with CTC word interval,zero; padding_mask=true,extracted_unreviewed
-egA8-b7-3M__18,text,8.2656875,4.459999999999999,768,29,84,29,55,source transcript tokens,WordPiece with CTC word interval,zero; padding_mask=true,extracted_unreviewed
-egA8-b7-3M__18,vision,8.366666666666667,8.366666666666667,15,126,84,27,55,15 Hz nearest original PTS,WordPiece with CTC word interval,zero; padding_mask=true,extracted_unreviewed
-egA8-b7-3M__20,audio,6.4744375,6.4744375,27,130,84,24,58,20 Hz,WordPiece with CTC word interval,zero; padding_mask=true,extracted_unreviewed
-egA8-b7-3M__20,text,6.4744375,3.4000000000000017,768,26,84,26,58,source transcript tokens,WordPiece with CTC word interval,zero; padding_mask=true,extracted_unreviewed
-egA8-b7-3M__20,vision,6.633333333333333,6.633333333333333,15,99,84,24,58,15 Hz nearest original PTS,WordPiece with CTC word interval,zero; padding_mask=true,extracted_unreviewed
-egA8-b7-3M__26,audio,5.9205625,5.9205625,27,119,84,19,63,20 Hz,WordPiece with CTC word interval,zero; padding_mask=true,extracted_unreviewed
-egA8-b7-3M__26,text,5.9205625,3.08,768,21,84,21,63,source transcript tokens,WordPiece with CTC word interval,zero; padding_mask=true,extracted_unreviewed
-egA8-b7-3M__26,vision,6.0,6.0,15,90,84,19,63,15 Hz nearest original PTS,WordPiece with CTC word interval,zero; padding_mask=true,extracted_unreviewed
-egA8-b7-3M__6,audio,6.183125,6.183125,27,124,84,13,69,20 Hz,WordPiece with CTC word interval,zero; padding_mask=true,extracted_unreviewed
-egA8-b7-3M__6,text,6.183125,3.499999999999999,768,15,84,15,69,source transcript tokens,WordPiece with CTC word interval,zero; padding_mask=true,extracted_unreviewed
-egA8-b7-3M__6,vision,6.233333333333333,6.033333333333332,15,94,84,13,69,15 Hz nearest original PTS,WordPiece with CTC word interval,zero; padding_mask=true,extracted_unreviewed
-egA8-b7-3M__9,audio,4.936125,4.936125,27,99,84,12,70,20 Hz,WordPiece with CTC word interval,zero; padding_mask=true,extracted_unreviewed
-egA8-b7-3M__9,text,4.936125,2.7800000000000002,768,14,84,14,70,source transcript tokens,WordPiece with CTC word interval,zero; padding_mask=true,extracted_unreviewed
-egA8-b7-3M__9,vision,5.066666666666666,5.066666666666666,15,76,84,12,70,15 Hz nearest original PTS,WordPiece with CTC word interval,zero; padding_mask=true,extracted_unreviewed
-hnBHBN8p5A__6,audio,6.3328125,6.3328125,27,127,84,14,68,20 Hz,WordPiece with CTC word interval,zero; padding_mask=true,extracted_unreviewed
-hnBHBN8p5A__6,text,6.3328125,2.640000000000001,768,16,84,16,68,source transcript tokens,WordPiece with CTC word interval,zero; padding_mask=true,extracted_unreviewed
-hnBHBN8p5A__6,vision,6.381366666666667,3.2949555555555556,15,96,84,8,68,15 Hz nearest original PTS,WordPiece with CTC word interval,zero; padding_mask=true,extracted_unreviewed
-hnBHBN8p5A__7,audio,7.3085625,7.3085625,27,147,84,17,65,20 Hz,WordPiece with CTC word interval,zero; padding_mask=true,extracted_unreviewed
-hnBHBN8p5A__7,text,7.3085625,3.5199999999999982,768,19,84,19,65,source transcript tokens,WordPiece with CTC word interval,zero; padding_mask=true,extracted_unreviewed
-hnBHBN8p5A__7,vision,7.340655555555555,6.2562444444444445,15,110,84,16,65,15 Hz nearest original PTS,WordPiece with CTC word interval,zero; padding_mask=true,extracted_unreviewed
-iRBcNs9oI8__3,audio,5.53825,5.53825,27,111,84,9,73,20 Hz,WordPiece with CTC word interval,zero; padding_mask=true,extracted_unreviewed
-iRBcNs9oI8__3,text,5.53825,1.6800000000000002,768,11,84,11,73,source transcript tokens,WordPiece with CTC word interval,zero; padding_mask=true,extracted_unreviewed
-iRBcNs9oI8__3,vision,5.6056,5.605600000000001,15,84,84,9,73,15 Hz nearest original PTS,WordPiece with CTC word interval,zero; padding_mask=true,extracted_unreviewed
-iRBcNs9oI8__6,audio,2.8204375,2.8204375,27,57,84,5,77,20 Hz,WordPiece with CTC word interval,zero; padding_mask=true,extracted_unreviewed
-iRBcNs9oI8__6,text,2.8204375,0.8200000000000001,768,7,84,7,77,source transcript tokens,WordPiece with CTC word interval,zero; padding_mask=true,extracted_unreviewed
-iRBcNs9oI8__6,vision,2.8695333333333335,2.8695333333333335,15,43,84,5,77,15 Hz nearest original PTS,WordPiece with CTC word interval,zero; padding_mask=true,extracted_unreviewed
-iRBcNs9oI8__7,audio,4.00575,4.00575,27,81,84,15,67,20 Hz,WordPiece with CTC word interval,zero; padding_mask=true,extracted_unreviewed
-iRBcNs9oI8__7,text,4.00575,2.66,768,17,84,17,67,source transcript tokens,WordPiece with CTC word interval,zero; padding_mask=true,extracted_unreviewed
-iRBcNs9oI8__7,vision,4.070733333333333,4.070733333333333,15,61,84,15,67,15 Hz nearest original PTS,WordPiece with CTC word interval,zero; padding_mask=true,extracted_unreviewed
-iRBcNs9oI8__8,audio,8.0260625,8.0260625,27,161,84,26,56,20 Hz,WordPiece with CTC word interval,zero; padding_mask=true,extracted_unreviewed
-iRBcNs9oI8__8,text,8.0260625,3.86,768,28,84,28,56,source transcript tokens,WordPiece with CTC word interval,zero; padding_mask=true,extracted_unreviewed
-iRBcNs9oI8__8,vision,8.074733333333333,8.074733333333333,15,121,84,26,56,15 Hz nearest original PTS,WordPiece with CTC word interval,zero; padding_mask=true,extracted_unreviewed
-iRBcNs9oI8__9,audio,3.3740625,3.3740625,27,68,84,5,77,20 Hz,WordPiece with CTC word interval,zero; padding_mask=true,extracted_unreviewed
-iRBcNs9oI8__9,text,3.3740625,1.1000000000000005,768,7,84,7,77,source transcript tokens,WordPiece with CTC word interval,zero; padding_mask=true,extracted_unreviewed
-iRBcNs9oI8__9,vision,3.4034,2.869533333333333,15,51,84,5,77,15 Hz nearest original PTS,WordPiece with CTC word interval,zero; padding_mask=true,extracted_unreviewed
-lzEya4AM_4__5,audio,7.5696875,7.5696875,27,152,84,21,61,20 Hz,WordPiece with CTC word interval,zero; padding_mask=true,extracted_unreviewed
-lzEya4AM_4__5,text,7.5696875,3.6800000000000015,768,23,84,23,61,source transcript tokens,WordPiece with CTC word interval,zero; padding_mask=true,extracted_unreviewed
-lzEya4AM_4__5,vision,7.666666666666667,7.666666666666667,15,115,84,21,61,15 Hz nearest original PTS,WordPiece with CTC word interval,zero; padding_mask=true,extracted_unreviewed
-lzEya4AM_4__6,audio,14.740375,14.740375,27,295,84,48,34,20 Hz,WordPiece with CTC word interval,zero; padding_mask=true,extracted_unreviewed
-lzEya4AM_4__6,text,14.740375,7.76,768,50,84,50,34,source transcript tokens,WordPiece with CTC word interval,zero; padding_mask=true,extracted_unreviewed
-lzEya4AM_4__6,vision,14.766666666666666,14.766666666666666,15,222,84,48,34,15 Hz nearest original PTS,WordPiece with CTC word interval,zero; padding_mask=true,extracted_unreviewed
-mJ2ud6oKI8__1,audio,6.0545,0.0,27,122,84,0,69,20 Hz,WordPiece with CTC word interval,zero; padding_mask=true,extracted_unreviewed
-mJ2ud6oKI8__1,text,6.0545,0.0,768,15,84,15,69,source transcript tokens,WordPiece with CTC word interval,zero; padding_mask=true,extracted_unreviewed
-mJ2ud6oKI8__1,vision,6.072733333333334,0.0,15,91,84,0,69,15 Hz nearest original PTS,WordPiece with CTC word interval,zero; padding_mask=true,extracted_unreviewed
-mJ2ud6oKI8__2,audio,5.7016875,0.0,27,115,84,0,65,20 Hz,WordPiece with CTC word interval,zero; padding_mask=true,extracted_unreviewed
-mJ2ud6oKI8__2,text,5.7016875,0.0,768,19,84,19,65,source transcript tokens,WordPiece with CTC word interval,zero; padding_mask=true,extracted_unreviewed
-mJ2ud6oKI8__2,vision,5.7057,2.9362666666666666,15,86,84,0,65,15 Hz nearest original PTS,WordPiece with CTC word interval,zero; padding_mask=true,extracted_unreviewed
-mJ2ud6oKI8__6,audio,2.228125,2.228125,27,45,84,5,77,20 Hz,WordPiece with CTC word interval,zero; padding_mask=true,extracted_unreviewed
-mJ2ud6oKI8__6,text,2.228125,1.42,768,7,84,7,77,source transcript tokens,WordPiece with CTC word interval,zero; padding_mask=true,extracted_unreviewed
-mJ2ud6oKI8__6,vision,2.2355666666666667,2.2355666666666667,15,34,84,5,77,15 Hz nearest original PTS,WordPiece with CTC word interval,zero; padding_mask=true,extracted_unreviewed
-mJ2ud6oKI8__8,audio,4.171375,4.171375,27,84,84,11,71,20 Hz,WordPiece with CTC word interval,zero; padding_mask=true,extracted_unreviewed
-mJ2ud6oKI8__8,text,4.171375,2.3800000000000003,768,13,84,13,71,source transcript tokens,WordPiece with CTC word interval,zero; padding_mask=true,extracted_unreviewed
-mJ2ud6oKI8__8,vision,4.170833333333333,4.1708333333333325,15,63,84,11,71,15 Hz nearest original PTS,WordPiece with CTC word interval,zero; padding_mask=true,extracted_unreviewed
-mJ2ud6oKI8__9,audio,6.90875,6.90875,27,139,84,29,53,20 Hz,WordPiece with CTC word interval,zero; padding_mask=true,extracted_unreviewed
-mJ2ud6oKI8__9,text,6.90875,3.4000000000000004,768,31,84,31,53,source transcript tokens,WordPiece with CTC word interval,zero; padding_mask=true,extracted_unreviewed
-mJ2ud6oKI8__9,vision,7.007,7.007,15,105,84,29,53,15 Hz nearest original PTS,WordPiece with CTC word interval,zero; padding_mask=true,extracted_unreviewed
-mqbVkbCndg__0,audio,6.3855,6.3855,27,128,84,17,65,20 Hz,WordPiece with CTC word interval,zero; padding_mask=true,extracted_unreviewed
-mqbVkbCndg__0,text,6.3855,3.76,768,19,84,19,65,source transcript tokens,WordPiece with CTC word interval,zero; padding_mask=true,extracted_unreviewed
-mqbVkbCndg__0,vision,6.5,6.433333333333334,15,98,84,17,65,15 Hz nearest original PTS,WordPiece with CTC word interval,zero; padding_mask=true,extracted_unreviewed
-qDkUB0GgYY__6,audio,4.6146875,4.6146875,27,93,84,18,64,20 Hz,WordPiece with CTC word interval,zero; padding_mask=true,extracted_unreviewed
-qDkUB0GgYY__6,text,4.6146875,2.100000000000001,768,20,84,20,64,source transcript tokens,WordPiece with CTC word interval,zero; padding_mask=true,extracted_unreviewed
-qDkUB0GgYY__6,vision,4.666666666666667,4.666666666666667,15,70,84,18,64,15 Hz nearest original PTS,WordPiece with CTC word interval,zero; padding_mask=true,extracted_unreviewed
-ri04Z7vwnc__0,audio,2.76325,2.76325,27,56,84,8,74,20 Hz,WordPiece with CTC word interval,zero; padding_mask=true,extracted_unreviewed
-ri04Z7vwnc__0,text,2.76325,1.2199999999999998,768,10,84,10,74,source transcript tokens,WordPiece with CTC word interval,zero; padding_mask=true,extracted_unreviewed
-ri04Z7vwnc__0,vision,2.7944555555555555,0.0,15,42,84,0,74,15 Hz nearest original PTS,WordPiece with CTC word interval,zero; padding_mask=true,extracted_unreviewed
-ri04Z7vwnc__2,audio,5.913375,5.913375,27,119,84,26,56,20 Hz,WordPiece with CTC word interval,zero; padding_mask=true,extracted_unreviewed
-ri04Z7vwnc__2,text,5.913375,4.260000000000001,768,28,84,28,56,source transcript tokens,WordPiece with CTC word interval,zero; padding_mask=true,extracted_unreviewed
-ri04Z7vwnc__2,vision,6.005988888888888,2.168816666666666,15,90,84,10,56,15 Hz nearest original PTS,WordPiece with CTC word interval,zero; padding_mask=true,extracted_unreviewed
-ri04Z7vwnc__5,audio,3.43975,3.43975,27,69,84,10,71,20 Hz,WordPiece with CTC word interval,zero; padding_mask=true,extracted_unreviewed
-ri04Z7vwnc__5,text,3.43975,1.9199999999999993,768,13,84,13,71,source transcript tokens,WordPiece with CTC word interval,zero; padding_mask=true,extracted_unreviewed
-ri04Z7vwnc__5,vision,3.5035000000000003,3.5035000000000003,15,52,84,10,71,15 Hz nearest original PTS,WordPiece with CTC word interval,zero; padding_mask=true,extracted_unreviewed
-s9qJ7ATP7w__0,audio,6.7105625,6.7105625,27,135,84,28,54,20 Hz,WordPiece with CTC word interval,zero; padding_mask=true,extracted_unreviewed
-s9qJ7ATP7w__0,text,6.7105625,3.2399999999999993,768,30,84,30,54,source transcript tokens,WordPiece with CTC word interval,zero; padding_mask=true,extracted_unreviewed
-s9qJ7ATP7w__0,vision,6.866666666666666,6.866666666666666,15,103,84,28,54,15 Hz nearest original PTS,WordPiece with CTC word interval,zero; padding_mask=true,extracted_unreviewed
-s9qJ7ATP7w__1,audio,4.6438125,4.6438125,27,93,84,12,70,20 Hz,WordPiece with CTC word interval,zero; padding_mask=true,extracted_unreviewed
-s9qJ7ATP7w__1,text,4.6438125,2.2000000000000006,768,14,84,14,70,source transcript tokens,WordPiece with CTC word interval,zero; padding_mask=true,extracted_unreviewed
-s9qJ7ATP7w__1,vision,4.766666666666667,4.766666666666667,15,71,84,12,70,15 Hz nearest original PTS,WordPiece with CTC word interval,zero; padding_mask=true,extracted_unreviewed
-s9qJ7ATP7w__4,audio,4.246875,4.246875,27,85,84,10,72,20 Hz,WordPiece with CTC word interval,zero; padding_mask=true,extracted_unreviewed
-s9qJ7ATP7w__4,text,4.246875,1.7799999999999996,768,12,84,12,72,source transcript tokens,WordPiece with CTC word interval,zero; padding_mask=true,extracted_unreviewed
-s9qJ7ATP7w__4,vision,4.3999999999999995,3.0666666666666664,15,66,84,7,72,15 Hz nearest original PTS,WordPiece with CTC word interval,zero; padding_mask=true,extracted_unreviewed
-s9qJ7ATP7w__5,audio,8.397875,8.397875,27,168,84,20,62,20 Hz,WordPiece with CTC word interval,zero; padding_mask=true,extracted_unreviewed
-s9qJ7ATP7w__5,text,8.397875,3.2600000000000002,768,22,84,22,62,source transcript tokens,WordPiece with CTC word interval,zero; padding_mask=true,extracted_unreviewed
-s9qJ7ATP7w__5,vision,8.533333333333333,8.533333333333333,15,128,84,20,62,15 Hz nearest original PTS,WordPiece with CTC word interval,zero; padding_mask=true,extracted_unreviewed
-s9qJ7ATP7w__6,audio,2.3148125,2.3148125,27,47,84,5,77,20 Hz,WordPiece with CTC word interval,zero; padding_mask=true,extracted_unreviewed
-s9qJ7ATP7w__6,text,2.3148125,0.66,768,7,84,7,77,source transcript tokens,WordPiece with CTC word interval,zero; padding_mask=true,extracted_unreviewed
-s9qJ7ATP7w__6,vision,2.4666666666666663,1.9666666666666668,15,37,84,5,77,15 Hz nearest original PTS,WordPiece with CTC word interval,zero; padding_mask=true,extracted_unreviewed
-s9qJ7ATP7w__7,audio,6.8385625,6.8385625,27,137,84,38,44,20 Hz,WordPiece with CTC word interval,zero; padding_mask=true,extracted_unreviewed
-s9qJ7ATP7w__7,text,6.8385625,4.020000000000001,768,40,84,40,44,source transcript tokens,WordPiece with CTC word interval,zero; padding_mask=true,extracted_unreviewed
-s9qJ7ATP7w__7,vision,6.933333333333334,5.133333333333334,15,104,84,28,44,15 Hz nearest original PTS,WordPiece with CTC word interval,zero; padding_mask=true,extracted_unreviewed
-s9qJ7ATP7w__8,audio,3.18425,3.18425,27,64,84,16,65,20 Hz,WordPiece with CTC word interval,zero; padding_mask=true,extracted_unreviewed
-s9qJ7ATP7w__8,text,3.18425,1.4399999999999997,768,19,84,19,65,source transcript tokens,WordPiece with CTC word interval,zero; padding_mask=true,extracted_unreviewed
-s9qJ7ATP7w__8,vision,3.2666666666666666,3.2666666666666666,15,49,84,16,65,15 Hz nearest original PTS,WordPiece with CTC word interval,zero; padding_mask=true,extracted_unreviewed
-t217m2on-s__2,audio,5.6301875,5.6301875,27,113,84,16,66,20 Hz,WordPiece with CTC word interval,zero; padding_mask=true,extracted_unreviewed
-t217m2on-s__2,text,5.6301875,2.2399999999999998,768,18,84,18,66,source transcript tokens,WordPiece with CTC word interval,zero; padding_mask=true,extracted_unreviewed
-t217m2on-s__2,vision,5.666666666666667,5.666666666666667,15,85,84,16,66,15 Hz nearest original PTS,WordPiece with CTC word interval,zero; padding_mask=true,extracted_unreviewed
-t217m2on-s__7,audio,17.026375,17.026375,27,341,84,53,29,20 Hz,WordPiece with CTC word interval,zero; padding_mask=true,extracted_unreviewed
-t217m2on-s__7,text,17.026375,8.76,768,55,84,55,29,source transcript tokens,WordPiece with CTC word interval,zero; padding_mask=true,extracted_unreviewed
-t217m2on-s__7,vision,17.166666666666668,17.166666666666668,15,257,84,53,29,15 Hz nearest original PTS,WordPiece with CTC word interval,zero; padding_mask=true,extracted_unreviewed
-tANM6ETl_M__3,audio,6.603625,6.603625,27,133,84,29,53,20 Hz,WordPiece with CTC word interval,zero; padding_mask=true,extracted_unreviewed
-tANM6ETl_M__3,text,6.603625,3.8200000000000007,768,31,84,31,53,source transcript tokens,WordPiece with CTC word interval,zero; padding_mask=true,extracted_unreviewed
-tANM6ETl_M__3,vision,6.733333333333333,6.733333333333333,15,101,84,29,53,15 Hz nearest original PTS,WordPiece with CTC word interval,zero; padding_mask=true,extracted_unreviewed
-tPCytz4rww__10,audio,4.6788125,4.6788125,27,94,84,15,67,20 Hz,WordPiece with CTC word interval,zero; padding_mask=true,extracted_unreviewed
-tPCytz4rww__10,text,4.6788125,2.2199999999999998,768,17,84,17,67,source transcript tokens,WordPiece with CTC word interval,zero; padding_mask=true,extracted_unreviewed
-tPCytz4rww__10,vision,4.766666666666667,4.766666666666667,15,72,84,15,67,15 Hz nearest original PTS,WordPiece with CTC word interval,zero; padding_mask=true,extracted_unreviewed
-tPCytz4rww__11,audio,5.3785625,5.3785625,27,108,84,20,62,20 Hz,WordPiece with CTC word interval,zero; padding_mask=true,extracted_unreviewed
-tPCytz4rww__11,text,5.3785625,3.0199999999999987,768,22,84,22,62,source transcript tokens,WordPiece with CTC word interval,zero; padding_mask=true,extracted_unreviewed
-tPCytz4rww__11,vision,5.466666666666667,5.466666666666667,15,82,84,20,62,15 Hz nearest original PTS,WordPiece with CTC word interval,zero; padding_mask=true,extracted_unreviewed
-tPCytz4rww__12,audio,11.7361875,11.7361875,27,235,84,28,54,20 Hz,WordPiece with CTC word interval,zero; padding_mask=true,extracted_unreviewed
-tPCytz4rww__12,text,11.7361875,5.499999999999999,768,30,84,30,54,source transcript tokens,WordPiece with CTC word interval,zero; padding_mask=true,extracted_unreviewed
-tPCytz4rww__12,vision,11.833333333333334,11.833333333333334,15,178,84,28,54,15 Hz nearest original PTS,WordPiece with CTC word interval,zero; padding_mask=true,extracted_unreviewed
-tPCytz4rww__16,audio,7.1391875,7.1391875,27,143,84,17,65,20 Hz,WordPiece with CTC word interval,zero; padding_mask=true,extracted_unreviewed
-tPCytz4rww__16,text,7.1391875,2.5599999999999996,768,19,84,19,65,source transcript tokens,WordPiece with CTC word interval,zero; padding_mask=true,extracted_unreviewed
-tPCytz4rww__16,vision,7.2,7.2,15,108,84,17,65,15 Hz nearest original PTS,WordPiece with CTC word interval,zero; padding_mask=true,extracted_unreviewed
-tPCytz4rww__18,audio,6.5688125,6.5688125,27,132,84,22,60,20 Hz,WordPiece with CTC word interval,zero; padding_mask=true,extracted_unreviewed
-tPCytz4rww__18,text,6.5688125,3.1399999999999992,768,24,84,24,60,source transcript tokens,WordPiece with CTC word interval,zero; padding_mask=true,extracted_unreviewed
-tPCytz4rww__18,vision,6.633333333333333,6.633333333333333,15,100,84,22,60,15 Hz nearest original PTS,WordPiece with CTC word interval,zero; padding_mask=true,extracted_unreviewed
-uywlfIYOS8__4,audio,5.881125,5.881125,27,118,84,22,60,20 Hz,WordPiece with CTC word interval,zero; padding_mask=true,extracted_unreviewed
-uywlfIYOS8__4,text,5.881125,3.4200000000000004,768,24,84,24,60,source transcript tokens,WordPiece with CTC word interval,zero; padding_mask=true,extracted_unreviewed
-uywlfIYOS8__4,vision,6.033333333333333,6.033333333333333,15,91,84,22,60,15 Hz nearest original PTS,WordPiece with CTC word interval,zero; padding_mask=true,extracted_unreviewed
-vxjVxOeScU__4,audio,9.0370625,9.0370625,27,181,84,27,55,20 Hz,WordPiece with CTC word interval,zero; padding_mask=true,extracted_unreviewed
-vxjVxOeScU__4,text,9.0370625,4.7799999999999985,768,29,84,29,55,source transcript tokens,WordPiece with CTC word interval,zero; padding_mask=true,extracted_unreviewed
-vxjVxOeScU__4,vision,9.1,9.1,15,137,84,27,55,15 Hz nearest original PTS,WordPiece with CTC word interval,zero; padding_mask=true,extracted_unreviewed
-wMB_hJL-3o__7,audio,5.9755625,5.9755625,27,120,84,23,59,20 Hz,WordPiece with CTC word interval,zero; padding_mask=true,extracted_unreviewed
-wMB_hJL-3o__7,text,5.9755625,3.1599999999999993,768,25,84,25,59,source transcript tokens,WordPiece with CTC word interval,zero; padding_mask=true,extracted_unreviewed
-wMB_hJL-3o__7,vision,6.033333333333333,5.833333333333333,15,91,84,23,59,15 Hz nearest original PTS,WordPiece with CTC word interval,zero; padding_mask=true,extracted_unreviewed
-wny0OAz3g8__0,audio,3.274,3.274,27,66,84,11,71,20 Hz,WordPiece with CTC word interval,zero; padding_mask=true,extracted_unreviewed
-wny0OAz3g8__0,text,3.274,1.8200000000000005,768,13,84,13,71,source transcript tokens,WordPiece with CTC word interval,zero; padding_mask=true,extracted_unreviewed
-wny0OAz3g8__0,vision,3.333333333333333,3.333333333333333,15,50,84,11,71,15 Hz nearest original PTS,WordPiece with CTC word interval,zero; padding_mask=true,extracted_unreviewed
-wny0OAz3g8__1,audio,6.7765625,6.7765625,27,136,84,27,54,20 Hz,WordPiece with CTC word interval,zero; padding_mask=true,extracted_unreviewed
-wny0OAz3g8__1,text,6.7765625,4.240000000000001,768,30,84,30,54,source transcript tokens,WordPiece with CTC word interval,zero; padding_mask=true,extracted_unreviewed
-wny0OAz3g8__1,vision,6.833333333333333,6.833333333333333,15,103,84,27,54,15 Hz nearest original PTS,WordPiece with CTC word interval,zero; padding_mask=true,extracted_unreviewed
-wny0OAz3g8__2,audio,6.5226875,6.5226875,27,131,84,28,54,20 Hz,WordPiece with CTC word interval,zero; padding_mask=true,extracted_unreviewed
-wny0OAz3g8__2,text,6.5226875,4.040000000000002,768,30,84,30,54,source transcript tokens,WordPiece with CTC word interval,zero; padding_mask=true,extracted_unreviewed
-wny0OAz3g8__2,vision,6.666666666666667,6.666666666666667,15,100,84,28,54,15 Hz nearest original PTS,WordPiece with CTC word interval,zero; padding_mask=true,extracted_unreviewed
-wny0OAz3g8__3,audio,6.099875,6.099875,27,122,84,20,62,20 Hz,WordPiece with CTC word interval,zero; padding_mask=true,extracted_unreviewed
-wny0OAz3g8__3,text,6.099875,3.6000000000000014,768,22,84,22,62,source transcript tokens,WordPiece with CTC word interval,zero; padding_mask=true,extracted_unreviewed
-wny0OAz3g8__3,vision,6.133333333333333,6.133333333333333,15,92,84,20,62,15 Hz nearest original PTS,WordPiece with CTC word interval,zero; padding_mask=true,extracted_unreviewed
-wny0OAz3g8__5,audio,6.7414375,6.7414375,27,135,84,27,55,20 Hz,WordPiece with CTC word interval,zero; padding_mask=true,extracted_unreviewed
-wny0OAz3g8__5,text,6.7414375,4.260000000000001,768,29,84,29,55,source transcript tokens,WordPiece with CTC word interval,zero; padding_mask=true,extracted_unreviewed
-wny0OAz3g8__5,vision,6.8999999999999995,6.8999999999999995,15,103,84,27,55,15 Hz nearest original PTS,WordPiece with CTC word interval,zero; padding_mask=true,extracted_unreviewed
-wny0OAz3g8__7,audio,7.9105,7.9105,27,159,84,31,51,20 Hz,WordPiece with CTC word interval,zero; padding_mask=true,extracted_unreviewed
-wny0OAz3g8__7,text,7.9105,5.840000000000001,768,33,84,33,51,source transcript tokens,WordPiece with CTC word interval,zero; padding_mask=true,extracted_unreviewed
-wny0OAz3g8__7,vision,8.066666666666666,8.066666666666666,15,121,84,31,51,15 Hz nearest original PTS,WordPiece with CTC word interval,zero; padding_mask=true,extracted_unreviewed
-wny0OAz3g8__9,audio,6.0435,6.0435,27,121,84,22,60,20 Hz,WordPiece with CTC word interval,zero; padding_mask=true,extracted_unreviewed
-wny0OAz3g8__9,text,6.0435,4.28,768,24,84,24,60,source transcript tokens,WordPiece with CTC word interval,zero; padding_mask=true,extracted_unreviewed
-wny0OAz3g8__9,vision,6.2,6.2,15,93,84,22,60,15 Hz nearest original PTS,WordPiece with CTC word interval,zero; padding_mask=true,extracted_unreviewed
-yRb-Jum7EQ__1,audio,29.10975,29.10975,27,583,84,55,27,20 Hz,WordPiece with CTC word interval,zero; padding_mask=true,extracted_unreviewed
-yRb-Jum7EQ__1,text,29.10975,17.26,768,57,84,57,27,source transcript tokens,WordPiece with CTC word interval,zero; padding_mask=true,extracted_unreviewed
-yRb-Jum7EQ__1,vision,29.26666666666667,29.26666666666667,15,439,84,55,27,15 Hz nearest original PTS,WordPiece with CTC word interval,zero; padding_mask=true,extracted_unreviewed
-yRb-Jum7EQ__5,audio,13.0445625,13.0445625,27,261,84,31,51,20 Hz,WordPiece with CTC word interval,zero; padding_mask=true,extracted_unreviewed
-yRb-Jum7EQ__5,text,13.0445625,7.380000000000001,768,33,84,33,51,source transcript tokens,WordPiece with CTC word interval,zero; padding_mask=true,extracted_unreviewed
-yRb-Jum7EQ__5,vision,13.166666666666666,13.166666666666666,15,198,84,31,51,15 Hz nearest original PTS,WordPiece with CTC word interval,zero; padding_mask=true,extracted_unreviewed
-yRb-Jum7EQ__6,audio,11.2425625,11.2425625,27,225,84,24,58,20 Hz,WordPiece with CTC word interval,zero; padding_mask=true,extracted_unreviewed
-yRb-Jum7EQ__6,text,11.2425625,5.439999999999999,768,26,84,26,58,source transcript tokens,WordPiece with CTC word interval,zero; padding_mask=true,extracted_unreviewed
-yRb-Jum7EQ__6,vision,11.2,11.2,15,168,84,24,58,15 Hz nearest original PTS,WordPiece with CTC word interval,zero; padding_mask=true,extracted_unreviewed
