id,polarity,intensity,raw_intensity,model_sha256,primary_modality,top_support_modality,phi_text,phi_audio,phi_vision,weight_text,weight_audio,weight_vision,evidence_ids,evidence_status,human_verified
01,Neutral,0.0,0.10313958674669266,b7039976cb346ba4c6638ad9673856db86d2ed312d06ecacf33b12e51503b924,text,text,0.23793413614233333,-0.08639270315567653,0.034653761734565094,0.6628049968659517,0.2406612026030816,0.09653380053096661,01:text:3:7;01:text:1:2;01:audio:19:23;01:audio:17:18;01:vision:10:14;01:vision:5:6,all_auto_candidates,False
02,Neutral,0.0,0.18694843351840973,b7039976cb346ba4c6638ad9673856db86d2ed312d06ecacf33b12e51503b924,vision,vision,-0.033184206734100975,-0.010040900359551116,0.10668799032767613,0.22135628777542582,0.06697813955061803,0.7116655726739562,02:text:16:20;02:audio:10:14;02:vision:9:13,all_auto_candidates,False
03,Negative,-0.5847983360290527,-0.5847983360290527,b7039976cb346ba4c6638ad9673856db86d2ed312d06ecacf33b12e51503b924,text,text,1.020918183028698,-0.1415929868817329,0.07666070759296417,0.8238713301705807,0.1142642029344674,0.0618644668949519,03:text:18:22;03:text:24:27;03:audio:25:29;03:audio:11:13;03:audio:21:22;03:vision:28:32;03:vision:10:13,all_auto_candidates,False
04,Neutral,0.0,-0.18404521048069,b7039976cb346ba4c6638ad9673856db86d2ed312d06ecacf33b12e51503b924,text,text,0.23396223286787665,-0.06007957955201465,-0.03914222617944081,0.702201203429274,0.18031950091181553,0.11747929565891058,04:text:24:27;04:text:18:20;04:text:23:24;04:audio:1:5;04:audio:25:27;04:vision:11:15;04:vision:7:9,all_auto_candidates,False
05,Positive,0.732836127281189,0.732836127281189,b7039976cb346ba4c6638ad9673856db86d2ed312d06ecacf33b12e51503b924,audio,audio,0.05450300375620524,0.2847338716189066,0.1333914796511332,0.11531894601029317,0.60244771307277,0.28223334091693664,05:text:1:4;05:audio:8:11;05:vision:1:4,all_auto_candidates,False
06,Positive,0.6881821155548096,0.6881821155548096,b7039976cb346ba4c6638ad9673856db86d2ed312d06ecacf33b12e51503b924,text,text,0.25270333637793857,0.2458428566654523,-0.18873266379038492,0.36768676042518944,0.357704669976355,0.2746085695984556,06:text:5:9;06:text:21:24;06:audio:5:9;06:audio:2:5;06:vision:21:25;06:vision:7:10,all_auto_candidates,False
07,Positive,0.6630686521530151,0.6630686521530151,b7039976cb346ba4c6638ad9673856db86d2ed312d06ecacf33b12e51503b924,text,text,0.24205500880877176,0.11384333173433939,-0.04743420084317525,0.6001375638494459,0.282256748595218,0.11760568755533607,07:text:26:30;07:text:19:23;07:text:46:48;07:audio:18:22;07:audio:24:28;07:audio:1:3;07:vision:42:46;07:vision:46:49;07:vision:37:40,all_auto_candidates,False
08,Neutral,0.0,0.20484942197799683,b7039976cb346ba4c6638ad9673856db86d2ed312d06ecacf33b12e51503b924,text,vision,-0.2375516810764869,0.06992813727507988,0.19512774950514236,0.4726384882931402,0.1391306891244742,0.38823082258238556,08:text:8:11;08:audio:6:9;08:vision:6:9,all_auto_candidates,False
09,Negative,-2.0247745513916016,-2.0247745513916016,b7039976cb346ba4c6638ad9673856db86d2ed312d06ecacf33b12e51503b924,text,text,2.4504967778921127,-0.09480997920036316,-0.07773153483867644,0.9342207414318722,0.03614509917450022,0.029634159393627596,09:text:6:10;09:audio:6:10;09:vision:8:12,all_auto_candidates,False
10,Negative,-1.593705177307129,-1.593705177307129,b7039976cb346ba4c6638ad9673856db86d2ed312d06ecacf33b12e51503b924,text,text,2.1896673838297525,-0.16964062054951987,-0.07424398263295491,0.8997824560625466,0.0697090596193898,0.03050848431806354,10:text:27:31;10:text:11:13;10:audio:13:17;10:audio:17:19;10:vision:22:23;10:vision:8:10;10:vision:1:2,all_auto_candidates,False
11,Negative,-1.2303171157836914,-1.2303171157836914,b7039976cb346ba4c6638ad9673856db86d2ed312d06ecacf33b12e51503b924,text,text,1.4096025452017782,0.04682748019695282,0.03416939824819565,0.9456615391363965,0.03141520079377455,0.022923260069828956,11:text:2:5;11:audio:8:11;11:vision:1:4,all_auto_candidates,False
12,Negative,-1.095785140991211,-1.095785140991211,b7039976cb346ba4c6638ad9673856db86d2ed312d06ecacf33b12e51503b924,text,text,1.4988139023383455,-0.09970992306868234,0.059119751056035355,0.9041834587483428,0.060151605860552224,0.03566493539110499,12:text:39:43;12:text:33:37;12:text:23:24;12:audio:38:42;12:audio:7:8;12:audio:32:36;12:vision:12:15;12:vision:1:5;12:vision:40:42,all_auto_candidates,False
13,Neutral,0.0,0.100703164935112,b7039976cb346ba4c6638ad9673856db86d2ed312d06ecacf33b12e51503b924,text,text,0.34121369337663054,-0.12475136434659359,0.0,0.7322731344789077,0.2677268655210922,0.0,13:text:5:9;13:text:14:16;13:audio:17:19;13:audio:13:14;13:audio:27:28,all_auto_candidates,False
14,Positive,0.584694504737854,0.584694504737854,b7039976cb346ba4c6638ad9673856db86d2ed312d06ecacf33b12e51503b924,vision,vision,-0.43020822356144583,0.11494185899694759,0.5215923426051934,0.403291566373647,0.10775033999357535,0.48895809363277765,14:text:28:29;14:text:14:15;14:text:33:34;14:audio:3:7;14:audio:10:13;14:vision:20:24;14:vision:27:30,all_auto_candidates,False
15,Positive,1.1014128923416138,1.1014128923416138,b7039976cb346ba4c6638ad9673856db86d2ed312d06ecacf33b12e51503b924,audio,audio,0.44452554484208423,0.44845137496789295,-0.06143049399058024,0.4657607835127073,0.46987415278147227,0.06436506370582047,15:text:17:21;15:text:13:14;15:audio:3:7;15:audio:7:8;15:vision:19:22,all_auto_candidates,False
16,Negative,-1.9418145418167114,-1.9418145418167114,b7039976cb346ba4c6638ad9673856db86d2ed312d06ecacf33b12e51503b924,text,text,2.2287760712206364,-0.034284453839063644,-0.020323358476161957,0.9760846992444107,0.015014756864261273,0.008900543891328015,16:text:8:11;16:audio:1:4;16:vision:1:4,all_auto_candidates,False
17,Positive,0.960776686668396,0.960776686668396,b7039976cb346ba4c6638ad9673856db86d2ed312d06ecacf33b12e51503b924,text,text,0.786378631989161,0.02622942129770915,-0.17106734712918598,0.7994289901491424,0.026664712044862697,0.17390629780599492,17:text:11:15;17:text:9:10;17:audio:1:5;17:audio:23:24;17:vision:7:8,all_auto_candidates,False
18,Negative,-0.7555025815963745,-0.7555025815963745,b7039976cb346ba4c6638ad9673856db86d2ed312d06ecacf33b12e51503b924,text,text,1.09229431177179,-0.16140223418672878,0.1792149568597476,0.7622901411730266,0.11263935970175482,0.12507049912521856,18:text:26:30;18:text:38:42;18:text:35:37;18:audio:45:49;18:audio:36:40;18:audio:6:7;18:vision:42:46;18:vision:23:27;18:vision:47:49,all_auto_candidates,False
19,Positive,0.3668370246887207,0.3668370246887207,b7039976cb346ba4c6638ad9673856db86d2ed312d06ecacf33b12e51503b924,text,vision,-0.48868528008461,0.2410750798881054,0.2495654411613941,0.499001741319066,0.24616433020444073,0.2548339284764932,19:text:1:4;19:text:38:40;19:text:33:36;19:audio:1:5;19:audio:20:24;19:vision:20:24;19:vision:24:28,all_auto_candidates,False
20,Positive,1.0059053897857666,1.0059053897857666,b7039976cb346ba4c6638ad9673856db86d2ed312d06ecacf33b12e51503b924,audio,audio,0.1972293456395467,0.25284077723821,0.19430290659268695,0.3060794549418572,0.3923826194991412,0.3015379255590015,20:text:21:25;20:text:15:19;20:text:3:4;20:audio:34:38;20:audio:30:34;20:audio:5:6;20:vision:10:14;20:vision:18:22;20:vision:17:18,all_auto_candidates,False
