variant,seed,rule,neutral_bias,condition,inconsistency_rate_all_conditions,accuracy,macro_f1,mae,pearson_r
T0,2026,unified,0,clean,0.0,0.5989010989010989,0.5737714863498483,0.5895854392713242,0.6357780750882025
T0,2026,unified,0,stress,0.0,0.5603954321311232,0.5395964505327584,0.629106690087973,0.5613390142254114
T0,2026,dual_raw,0,clean,0.3522239145310465,0.6263736263736264,0.6052242944976016,0.593197833150363,0.6422330041568531
T0,2026,dual_raw,0,stress,0.3522239145310465,0.579642691866678,0.5597385863296707,0.6337338814309134,0.5684081734468424
T0,2026,dual_calibrated,-0.1,clean,0.32205372712623886,0.6332417582417582,0.6078434451646869,0.593197833150363,0.6422330041568531
T0,2026,dual_calibrated,-0.1,stress,0.32205372712623886,0.5853900104688626,0.5623453234051192,0.6337338814309134,0.5684081734468424
T0,2027,unified,0,clean,0.0,0.5728021978021978,0.5503398448810363,0.5917997854751545,0.6292514398571827
T0,2027,unified,0,stress,0.0,0.5422927682734133,0.5163329603637484,0.6369424241933975,0.5565557688552705
T0,2027,dual_raw,0,clean,0.38159503785621257,0.5961538461538461,0.5846124024658597,0.6025926676431062,0.63613415522629
T0,2027,dual_raw,0,stress,0.38159503785621257,0.565828858091965,0.5497576626052989,0.6468662029859069,0.5647585828994498
T0,2027,dual_calibrated,-0.1,clean,0.35215327903229365,0.6085164835164835,0.590463768241546,0.6025926676431062,0.63613415522629
T0,2027,dual_calibrated,-0.1,stress,0.35215327903229365,0.5750307039718445,0.55466899279542,0.6468662029859069,0.5647585828994498
T0,2028,unified,0,clean,0.0,0.6016483516483516,0.5747097688372355,0.5862101621434583,0.6473239615533878
T0,2028,unified,0,stress,0.0,0.5644432041431269,0.5292178283198642,0.6321778808631442,0.5772596734495099
T0,2028,dual_raw,0,clean,0.37418272520583623,0.6346153846153846,0.6172125728249627,0.5979214061971416,0.6494855621731547
T0,2028,dual_raw,0,stress,0.37418272520583623,0.5857859326264351,0.5713728454071,0.6418242191683888,0.5836557180724686
T0,2028,dual_calibrated,0.1,clean,0.4005562545526787,0.635989010989011,0.6230275577825308,0.5979214061971416,0.6494855621731547
T0,2028,dual_calibrated,0.1,stress,0.4005562545526787,0.58251773075998,0.5706189603662144,0.6418242191683888,0.5836557180724686
T0,2029,unified,0,clean,0.0,0.5961538461538461,0.5796805589229046,0.586335596720596,0.6439328629683494
T0,2029,unified,0,stress,0.0,0.5611819969786468,0.5380679733457953,0.6356890457658566,0.5625044226358813
T0,2029,dual_raw,0,clean,0.20491799660066662,0.6304945054945055,0.5850811340711504,0.5935444672379943,0.652851123208203
T0,2029,dual_raw,0,stress,0.20491799660066662,0.5933519211636697,0.5488335944342868,0.6433366444564199,0.5704570807768466
T0,2029,dual_calibrated,0.3,clean,0.2840076816104894,0.6263736263736264,0.602577934573131,0.5935444672379943,0.652851123208203
T0,2029,dual_calibrated,0.3,stress,0.2840076816104894,0.5890497079727001,0.564221028913111,0.6433366444564199,0.5704570807768466
T0,2030,unified,0,clean,0.0,0.6195054945054945,0.5962992715570036,0.5852303033551345,0.6455892209024038
T0,2030,unified,0,stress,0.0,0.5759705564934143,0.5518916434010747,0.6265145486605562,0.568272030858385
T0,2030,dual_raw,0,clean,0.35066993355848397,0.6263736263736264,0.6094139166540026,0.5926520936114325,0.6456652125393001
T0,2030,dual_raw,0,stress,0.35066993355848397,0.5774635572545747,0.5552984490773516,0.6336514239512508,0.5710321414342814
T0,2030,dual_calibrated,0.0,clean,0.35066993355848397,0.6263736263736264,0.6094139166540026,0.5926520936114325,0.6456652125393001
T0,2030,dual_calibrated,0.0,stress,0.35066993355848397,0.5774635572545747,0.5552984490773516,0.6336514239512508,0.5710321414342814
T1,2026,unified,0,clean,0.0,0.592032967032967,0.5635363439340897,0.6042150359314221,0.6128638276668004
T1,2026,unified,0,stress,0.0,0.5699982125545993,0.5451682656659613,0.6313454912186391,0.5673739272366575
T1,2026,dual_raw,0,clean,0.3308125289715913,0.5879120879120879,0.5686713219047607,0.6098933113515979,0.6177428926393834
T1,2026,dual_raw,0,stress,0.3308125289715913,0.5720310534653393,0.5546949130302076,0.6370991498021202,0.5712274194382532
T1,2026,dual_calibrated,-0.3,clean,0.2593029159216829,0.6043956043956044,0.57531426545468,0.6098933113515979,0.6177428926393834
T1,2026,dual_calibrated,-0.3,stress,0.2593029159216829,0.5851367826126573,0.5569517967037857,0.6370991498021202,0.5712274194382532
T1,2027,unified,0,clean,0.0,0.5892857142857143,0.5668163209183289,0.5886346829625276,0.6212729485529213
T1,2027,unified,0,stress,0.0,0.5642606213023199,0.5485766861274279,0.618694466570145,0.5761429082238418
T1,2027,dual_raw,0,clean,0.34203474383594906,0.6167582417582418,0.6031065829216797,0.5963900665820392,0.6265263501531427
T1,2027,dual_raw,0,stress,0.34203474383594906,0.5940934218611988,0.5807412751738372,0.6256883271232915,0.5823666462251603
T1,2027,dual_calibrated,-0.2,clean,0.2492638456614352,0.6414835164835165,0.6152200416918997,0.5963900665820392,0.6265263501531427
T1,2027,dual_calibrated,-0.2,stress,0.2492638456614352,0.6129997434398755,0.5845681059580731,0.6256883271232915,0.5823666462251603
T1,2028,unified,0,clean,0.0,0.603021978021978,0.5958516746671585,0.5845623651294263,0.6451678301699972
T1,2028,unified,0,stress,0.0,0.5728560102566433,0.5633471144292476,0.621345217181784,0.5944282701629916
T1,2028,dual_raw,0,clean,0.2773370416970179,0.6291208791208791,0.6175591863621451,0.5916555937281094,0.6489344789944973
T1,2028,dual_raw,0,stress,0.2773370416970179,0.6019835970783679,0.5813168794789932,0.6279133325474294,0.5986848567957554
T1,2028,dual_calibrated,-0.1,clean,0.243374610952917,0.6387362637362637,0.6229892215663699,0.5916555937281094,0.6489344789944973
T1,2028,dual_calibrated,-0.1,stress,0.243374610952917,0.6076355351105376,0.58044569392392,0.6279133325474294,0.5986848567957554
T1,2029,unified,0,clean,0.0,0.6002747252747253,0.5865228803574382,0.5922573780702366,0.6226867786538292
T1,2029,unified,0,stress,0.0,0.570743137452339,0.5595864410741973,0.6225036798421844,0.5783252966990607
T1,2029,dual_raw,0,clean,0.3476281923934398,0.6057692307692307,0.5959103513462716,0.6014096653229649,0.6278247078745435
T1,2029,dual_raw,0,stress,0.3476281923934398,0.5872715919784656,0.5763465862345523,0.6311556363704116,0.5836641931419607
T1,2029,dual_calibrated,-0.2,clean,0.28688166346599564,0.6263736263736264,0.6101325092856446,0.6014096653229649,0.6278247078745435
T1,2029,dual_calibrated,-0.2,stress,0.28688166346599564,0.6009561005078246,0.581262096968011,0.6311556363704116,0.5836641931419607
T1,2030,unified,0,clean,0.0,0.6071428571428571,0.5782258450720724,0.5974308909377554,0.6351900710484362
T1,2030,unified,0,stress,0.0,0.5743853495546065,0.5487971488270452,0.6233918914156955,0.5893102291820927
T1,2030,dual_raw,0,clean,0.17848266119241551,0.6181318681318682,0.5766216802405775,0.6064902327207664,0.6376647163062283
T1,2030,dual_raw,0,stress,0.17848266119241551,0.6001120550105312,0.5545839172805132,0.6316087281182038,0.5926386703359219
T1,2030,dual_calibrated,0.3,clean,0.25571816435997613,0.614010989010989,0.5892144720076471,0.6064902327207664,0.6376647163062283
T1,2030,dual_calibrated,0.3,stress,0.25571816435997613,0.59472726308408,0.5689777786645392,0.6316087281182038,0.5926386703359219
M0,2026,unified,0,clean,0.0,0.5796703296703297,0.5671695372505984,0.6144052068037646,0.6014054656378073
M0,2026,unified,0,stress,0.0,0.5405463864109574,0.5245510557894973,0.6553368864690196,0.5282070129207854
M0,2026,dual_raw,0,clean,0.3053749199832241,0.6098901098901099,0.5811842503997113,0.6252323446992355,0.6058045559848729
M0,2026,dual_raw,0,stress,0.3053749199832241,0.5638262168046803,0.5347298325206704,0.6649681596485868,0.5351662949493473
M0,2026,dual_calibrated,0.3,clean,0.32014215394124007,0.6098901098901099,0.584473314949062,0.6252323446992355,0.6058045559848729
M0,2026,dual_calibrated,0.3,stress,0.32014215394124007,0.5607384511659491,0.5337255345995459,0.6649681596485868,0.5351662949493473
M0,2027,unified,0,clean,0.0,0.5947802197802198,0.5826996032880889,0.613036185994253,0.6193081357550357
M0,2027,unified,0,stress,0.0,0.5505164058187217,0.5388791194613846,0.6624159913476532,0.5411235865023606
M0,2027,dual_raw,0,clean,0.24678277376774166,0.6043956043956044,0.566532579877051,0.6252093491701609,0.6193147400923863
M0,2027,dual_raw,0,stress,0.24678277376774166,0.5671199708185962,0.5323306103971094,0.6718274826177731,0.546727125462444
M0,2027,dual_calibrated,-0.2,clean,0.2410745425247776,0.6085164835164835,0.5704664993063908,0.6252093491701609,0.6193147400923863
M0,2027,dual_calibrated,-0.2,stress,0.2410745425247776,0.5674494333648388,0.5312458700904309,0.6718274826177731,0.546727125462444
M0,2028,unified,0,clean,0.0,0.5947802197802198,0.5720934255900093,0.6233712199379454,0.6131670958085749
M0,2028,unified,0,stress,0.0,0.5489285911492611,0.5279602099341967,0.6568517203364981,0.549888075692193
M0,2028,dual_raw,0,clean,0.3282078449550802,0.6236263736263736,0.6052707084299193,0.6311756790849729,0.613900592470757
M0,2028,dual_raw,0,stress,0.3282078449550802,0.5737035346303622,0.5551158789074975,0.6643680677261995,0.5517807077232617
M0,2028,dual_calibrated,0.0,clean,0.3282078449550802,0.6236263736263736,0.6052707084299193,0.6311756790849729,0.613900592470757
M0,2028,dual_calibrated,0.0,stress,0.3282078449550802,0.5737035346303622,0.5551158789074975,0.6643680677261995,0.5517807077232617
M0,2029,unified,0,clean,0.0,0.6043956043956044,0.5710015805375199,0.6144304925801007,0.6088015265320006
M0,2029,unified,0,stress,0.0,0.5573291144425843,0.5204662746040134,0.6573431977050204,0.5337285379356789
M0,2029,dual_raw,0,clean,0.25750612542215745,0.5947802197802198,0.557728927343015,0.6215551719803473,0.6077219696718041
M0,2029,dual_raw,0,stress,0.25750612542215745,0.5744142922390046,0.540429764187753,0.662119428202553,0.5357429159482048
M0,2029,dual_calibrated,0.3,clean,0.3166501114716465,0.5989010989010989,0.5795334760678464,0.6215551719803473,0.6077219696718041
M0,2029,dual_calibrated,0.3,stress,0.3166501114716465,0.5659905188802605,0.545597780313115,0.662119428202553,0.5357429159482048
M0,2030,unified,0,clean,0.0,0.5728021978021978,0.5562221308378187,0.6156781636751615,0.5984968381558423
M0,2030,unified,0,stress,0.0,0.5447935252582772,0.5237374636888316,0.6597188420019436,0.5214213304634683
M0,2030,dual_raw,0,clean,0.37378540052535153,0.5769230769230769,0.5629754807567137,0.6265082514280669,0.6001372186372691
M0,2030,dual_raw,0,stress,0.37378540052535153,0.5421782248572876,0.5282998095733702,0.6688729366823366,0.5240734368982564
M0,2030,dual_calibrated,0.0,clean,0.37378540052535153,0.5769230769230769,0.5629754807567137,0.6265082514280669,0.6001372186372691
M0,2030,dual_calibrated,0.0,stress,0.37378540052535153,0.5421782248572876,0.5282998095733702,0.6688729366823366,0.5240734368982564
M1,2026,unified,0,clean,0.0,0.5782967032967034,0.5452080404735231,0.6139737399970437,0.6149941799422645
M1,2026,unified,0,stress,0.0,0.5567364842636482,0.5195050543642814,0.6416546721327697,0.575373671266571
M1,2026,dual_raw,0,clean,0.3082621459947465,0.5851648351648352,0.5552580470801921,0.6210005646469173,0.6186471929585969
M1,2026,dual_raw,0,stress,0.3082621459947465,0.567549375096205,0.5365144022193489,0.6472019674526729,0.5797023702365498
M1,2026,dual_calibrated,-0.1,clean,0.27672339580160255,0.5989010989010989,0.5636874216847843,0.6210005646469173,0.6186471929585969
M1,2026,dual_calibrated,-0.1,stress,0.27672339580160255,0.5731410533704427,0.5376236259113086,0.6472019674526729,0.5797023702365498
M1,2027,unified,0,clean,0.0,0.5769230769230769,0.5548895627971171,0.6189251145614045,0.5726090151753933
M1,2027,unified,0,stress,0.0,0.5496024692028345,0.5221981521066286,0.6547799086935998,0.5250310172924338
M1,2027,dual_raw,0,clean,0.27580071959914354,0.5796703296703297,0.5540004387522118,0.6246791881452197,0.5781954964740973
M1,2027,dual_raw,0,stress,0.27580071959914354,0.5588303186421332,0.5261782090219358,0.6609050791634477,0.5285981452003883
M1,2027,dual_calibrated,-0.3,clean,0.2617663289406883,0.5879120879120879,0.5617827807598903,0.6246791881452197,0.5781954964740973
M1,2027,dual_calibrated,-0.3,stress,0.2617663289406883,0.5618925019577213,0.5263887830875791,0.6609050791634477,0.5285981452003883
M1,2028,unified,0,clean,0.0,0.5576923076923077,0.542487364574005,0.6236618353401894,0.5858438965633643
M1,2028,unified,0,stress,0.0,0.5385400819027238,0.5232981175402998,0.6464737577722965,0.5476374090877888
M1,2028,dual_raw,0,clean,0.3520075933161159,0.5659340659340659,0.5559630218628212,0.6279986442231758,0.5941892109363411
M1,2028,dual_raw,0,stress,0.3520075933161159,0.5592404659504437,0.5461120287793055,0.6507219284750067,0.555171507707228
M1,2028,dual_calibrated,-0.2,clean,0.2935258150674348,0.6057692307692307,0.5888394616434389,0.6279986442231758,0.5941892109363411
M1,2028,dual_calibrated,-0.2,stress,0.2935258150674348,0.576441227541649,0.5545927188803971,0.6507219284750067,0.555171507707228
M1,2029,unified,0,clean,0.0,0.5631868131868132,0.5493910414662015,0.6087387579974237,0.6004341842090478
M1,2029,unified,0,stress,0.0,0.5428468860428596,0.5294628887606081,0.6473289970495641,0.5525283143043915
M1,2029,dual_raw,0,clean,0.2773591152903781,0.5879120879120879,0.5637485401684185,0.6207318403511846,0.5993902169867967
M1,2029,dual_raw,0,stress,0.2773591152903781,0.5657574542365479,0.5403374210924353,0.657113341315077,0.5550961117738544
M1,2029,dual_calibrated,-0.3,clean,0.257629737544975,0.5947802197802198,0.5672965804409978,0.6207318403511846,0.5993902169867967
M1,2029,dual_calibrated,-0.3,stress,0.257629737544975,0.5687282487601522,0.53894103565759,0.657113341315077,0.5550961117738544
M1,2030,unified,0,clean,0.0,0.5755494505494505,0.5671949865498253,0.6062603391870692,0.6034647888863719
M1,2030,unified,0,stress,0.0,0.5518763770837477,0.5408726644727715,0.6508727032557593,0.5510792345904837
M1,2030,dual_raw,0,clean,0.2343023640818489,0.5906593406593407,0.5519008874325055,0.6161832502644297,0.6057287568507461
M1,2030,dual_raw,0,stress,0.2343023640818489,0.5632156304109468,0.5194460004822129,0.6590574432939357,0.554228950133635
M1,2030,dual_calibrated,0.3,clean,0.2428889918989912,0.5879120879120879,0.5500744589723195,0.6161832502644297,0.6057287568507461
M1,2030,dual_calibrated,0.3,stress,0.2428889918989912,0.5627841734185931,0.5218229742943837,0.6590574432939357,0.554228950133635
M2,2026,unified,0,clean,0.0,0.5989010989010989,0.577272733143155,0.6213056989791956,0.6086057259587135
M2,2026,unified,0,stress,0.0,0.5551561802731839,0.5331654298496653,0.6605678669807096,0.5424495195494574
M2,2026,dual_raw,0,clean,0.2838399223009514,0.5796703296703297,0.5479771736887432,0.6302267929646544,0.6101743922556511
M2,2026,dual_raw,0,stress,0.2838399223009514,0.5622015171834124,0.5282950851503128,0.6663817846946681,0.5462415372832019
M2,2026,dual_calibrated,0.3,clean,0.29397170165331216,0.5879120879120879,0.5600807574996296,0.6302267929646544,0.6101743922556511
M2,2026,dual_calibrated,0.3,stress,0.29397170165331216,0.5608929594041244,0.5288069190325358,0.6663817846946681,0.5462415372832019
M2,2027,unified,0,clean,0.0,0.592032967032967,0.5791065496554118,0.6218207851052284,0.597041852793117
M2,2027,unified,0,stress,0.0,0.5468178930212284,0.535958383913027,0.6614376764184748,0.5290801516426744
M2,2027,dual_raw,0,clean,0.23948965852151072,0.5989010989010989,0.5560858428407923,0.6317092407428261,0.6020718366973674
M2,2027,dual_raw,0,stress,0.23948965852151072,0.5658845268590993,0.5286454018524014,0.6700724734777258,0.5357733514054112
M2,2027,dual_calibrated,0.3,clean,0.24812043352537358,0.6043956043956044,0.565907755891304,0.6317092407428261,0.6020718366973674
M2,2027,dual_calibrated,0.3,stress,0.24812043352537358,0.5648523937615051,0.5299206784076435,0.6700724734777258,0.5357733514054112
M2,2028,unified,0,clean,0.0,0.6167582417582418,0.5903718307251469,0.6115699356810732,0.6093550152725926
M2,2028,unified,0,stress,0.0,0.5664318501848025,0.5386322591811423,0.6583098871503491,0.5409347325184063
M2,2028,dual_raw,0,clean,0.25405823013928436,0.6085164835164835,0.5811917553772897,0.621920811920043,0.6116389975623551
M2,2028,dual_raw,0,stress,0.25405823013928436,0.5681106747059289,0.5370232344550326,0.6648493246170942,0.5466657017047186
M2,2028,dual_calibrated,-0.2,clean,0.2491181599452575,0.6112637362637363,0.5833414193336662,0.621920811920043,0.6116389975623551
M2,2028,dual_calibrated,-0.2,stress,0.2491181599452575,0.5693850677086387,0.5373893014628626,0.6648493246170942,0.5466657017047186
M2,2029,unified,0,clean,0.0,0.6002747252747253,0.5934928363394981,0.5934151406553421,0.6216189780305981
M2,2029,unified,0,stress,0.0,0.5453435358705601,0.5381595578458166,0.6411813578865126,0.5443295970760675
M2,2029,dual_raw,0,clean,0.2795046685649957,0.6085164835164835,0.5829164662991216,0.6062638813710981,0.6223272320207641
M2,2029,dual_raw,0,stress,0.2795046685649957,0.5591496980731313,0.5327386697975414,0.6500787448215064,0.5494909810838672
M2,2029,dual_calibrated,0.3,clean,0.290598856587864,0.6057692307692307,0.5826924092843653,0.6062638813710981,0.6223272320207641
M2,2029,dual_calibrated,0.3,stress,0.290598856587864,0.5587381550825316,0.5345667570712028,0.6500787448215064,0.5494909810838672
M2,2030,unified,0,clean,0.0,0.5947802197802198,0.5766309120665265,0.6134480416651938,0.611987504420515
M2,2030,unified,0,stress,0.0,0.5678441417076784,0.5472867228048586,0.650827058617447,0.5473356018956484
M2,2030,dual_raw,0,clean,0.3109286360726663,0.5810439560439561,0.5613594179839934,0.6186259010156481,0.6152239078415059
M2,2030,dual_raw,0,stress,0.3109286360726663,0.5587723918834848,0.5322198259098807,0.6554134283603209,0.55124757214683
M2,2030,dual_calibrated,0.3,clean,0.32074255568063925,0.5837912087912088,0.565436933389333,0.6186259010156481,0.6152239078415059
M2,2030,dual_calibrated,0.3,stress,0.32074255568063925,0.5562716286779231,0.5314212183730811,0.6554134283603209,0.55124757214683
M3,2026,unified,0,clean,0.0,0.5796703296703297,0.5608017816527852,0.6319047608054601,0.5948759504570155
M3,2026,unified,0,stress,0.0,0.5524990211689566,0.5340904599716875,0.6693061059694994,0.5434244720640308
M3,2026,dual_raw,0,clean,0.2022603359600909,0.5686813186813187,0.5275222736924936,0.6434960646176158,0.5948332665662408
M3,2026,dual_raw,0,stress,0.2022603359600909,0.5558454903021717,0.5172576762146888,0.6781516404259115,0.545344589944584
M3,2026,dual_calibrated,-0.1,clean,0.19868882855440037,0.5714285714285714,0.5295032271776458,0.6434960646176158,0.5948332665662408
M3,2026,dual_calibrated,-0.1,stress,0.19868882855440037,0.556225161558105,0.5166326512380796,0.6781516404259115,0.545344589944584
M3,2027,unified,0,clean,0.0,0.5837912087912088,0.5657061241793078,0.6103013909861936,0.5972840434802783
M3,2027,unified,0,stress,0.0,0.5561255922303985,0.5379323781958594,0.6408592549561916,0.5476197979558283
M3,2027,dual_raw,0,clean,0.3631106107763283,0.5865384615384616,0.5692756506834004,0.6205534377716774,0.6018313547469447
M3,2027,dual_raw,0,stress,0.3631106107763283,0.5541737786784593,0.5388220760073632,0.6475137992685217,0.5540324880775971
M3,2027,dual_calibrated,-0.1,clean,0.34578283998852166,0.5892857142857143,0.5692702090808497,0.6205534377716774,0.6018313547469447
M3,2027,dual_calibrated,-0.1,stress,0.34578283998852166,0.5575109493540995,0.5400969193442098,0.6475137992685217,0.5540324880775971
M3,2028,unified,0,clean,0.0,0.5879120879120879,0.559384557509323,0.6149892691154402,0.5928735875137501
M3,2028,unified,0,stress,0.0,0.5506748378961848,0.5230615733674098,0.6487691842962148,0.5381290246577688
M3,2028,dual_raw,0,clean,0.35172063660243247,0.5934065934065934,0.5668974069900786,0.6250705156081284,0.5983402174310013
M3,2028,dual_raw,0,stress,0.35172063660243247,0.5582219194497122,0.5339198966732394,0.6563668898979106,0.5447517690697073
M3,2028,dual_calibrated,0.0,clean,0.35172063660243247,0.5934065934065934,0.5668974069900786,0.6250705156081284,0.5983402174310013
M3,2028,dual_calibrated,0.0,stress,0.35172063660243247,0.5582219194497122,0.5339198966732394,0.6563668898979106,0.5447517690697073
M3,2029,unified,0,clean,0.0,0.5508241758241759,0.5439253102213272,0.6237531184822649,0.6143833922176379
M3,2029,unified,0,stress,0.0,0.5334354132587648,0.5262132488475857,0.6513383961893754,0.5757918865977864
M3,2029,dual_raw,0,clean,0.32425225702492105,0.5782967032967034,0.5675076491618227,0.6329116380605898,0.6173301303681921
M3,2029,dual_raw,0,stress,0.32425225702492105,0.5627814957791505,0.5505978421531379,0.6592815372522578,0.5789183350913975
M3,2029,dual_calibrated,-0.2,clean,0.28531885305608895,0.592032967032967,0.5780605423709023,0.6329116380605898,0.6173301303681921
M3,2029,dual_calibrated,-0.2,stress,0.28531885305608895,0.5702379152190933,0.5519928662688235,0.6592815372522578,0.5789183350913975
M3,2030,unified,0,clean,0.0,0.5728021978021978,0.5503358046509603,0.6118861568252464,0.6161211198019344
M3,2030,unified,0,stress,0.0,0.5502316702858588,0.5265416227592596,0.6581839803113659,0.559103678068305
M3,2030,dual_raw,0,clean,0.3330463766196499,0.5521978021978022,0.5381815000451207,0.6187407811515157,0.6175323298757928
M3,2030,dual_raw,0,stress,0.3330463766196499,0.5396568188794767,0.5235758488565584,0.6642863093630728,0.5598323450710843
M3,2030,dual_calibrated,-0.3,clean,0.31377171489746813,0.5563186813186813,0.5405376591210894,0.6187407811515157,0.6175323298757928
M3,2030,dual_calibrated,-0.3,stress,0.31377171489746813,0.5427537552648788,0.5233581193255874,0.6642863093630728,0.5598323450710843
