sample_id,word_index,word,reason,score
-3g5yACwYnA__13,6,or,vision_nearest_frame_fallback,0.8429000377655029
-3g5yACwYnA__13,8,least,low_ctc_score_review,0.03426385298371315
-3g5yACwYnA__2,1,Polymer,low_ctc_score_review,0.05296656861901283
-3g5yACwYnA__2,3,a,vision_nearest_frame_fallback,0.6981068253517151
-3g5yACwYnA__3,1,a,vision_nearest_frame_fallback,0.9766404628753662
-3g5yACwYnA__3,4,of,low_ctc_score_review,0.15902303159236908
-3g5yACwYnA__3,15,the,vision_nearest_frame_fallback,0.9461197257041931
-3g5yACwYnA__3,19,or,vision_nearest_frame_fallback,0.9821515083312988
-3g5yACwYnA__3,27,of,audio_nearest_frame_fallback,0.9397892951965332
-3g5yACwYnA__3,27,of,vision_nearest_frame_fallback,0.9397892951965332
-3g5yACwYnA__9,19,value-added,low_ctc_score_review,0.10077270120382309
-3g5yACwYnA__9,20,products.,low_ctc_score_review,0.05861033499240875
-3nNcZdcdvU__5,2,result,low_ctc_score_review,0.10214108973741531
-3nNcZdcdvU__5,3,in,vision_nearest_frame_fallback,0.9967275261878967
-571d8cVauQ__0,0,This,low_ctc_score_review,0.0819297581911087
-571d8cVauQ__0,2,Rhett,low_ctc_score_review,0.06840235739946365
-571d8cVauQ__0,9,of,vision_nearest_frame_fallback,0.9902743697166443
-571d8cVauQ__5,3,to,vision_nearest_frame_fallback,0.5149512887001038
-571d8cVauQ__5,28,a,audio_nearest_frame_fallback,0.5892941951751709
-571d8cVauQ__5,28,a,vision_nearest_frame_fallback,0.5892941951751709
-571d8cVauQ__5,31,on,vision_nearest_frame_fallback,0.9993898272514343
-571d8cVauQ__5,36,knows,low_ctc_score_review,0.1862359344959259
-571d8cVauQ__5,39,a,vision_nearest_frame_fallback,0.9906893968582153
-571d8cVauQ__5,42,spot.,low_ctc_score_review,0.032536230981349945
-6rXp3zJ3kc__8,9,a,audio_nearest_frame_fallback,0.9920327663421631
-6rXp3zJ3kc__8,19,a,audio_nearest_frame_fallback,0.9986681938171387
-6rXp3zJ3kc__8,19,a,vision_nearest_frame_fallback,0.9986681938171387
-6rXp3zJ3kc__8,21,of,vision_nearest_frame_fallback,0.9995113015174866
-6rXp3zJ3kc__8,28,on,vision_nearest_frame_fallback,0.9980010390281677
-9y-fZ3swSY__0,1,you,low_ctc_score_review,0.019897006452083588
-9y-fZ3swSY__0,2,can,low_ctc_score_review,0.1395854949951172
-9y-fZ3swSY__0,5,I,low_ctc_score_review,0.006108354777097702
-9y-fZ3swSY__0,5,I,audio_nearest_frame_fallback,0.006108354777097702
-9y-fZ3swSY__0,5,I,vision_nearest_frame_fallback,0.006108354777097702
-9y-fZ3swSY__0,11,are,low_ctc_score_review,0.002890958683565259
-9y-fZ3swSY__0,11,are,vision_nearest_frame_fallback,0.002890958683565259
-9y-fZ3swSY__4,2,this,low_ctc_score_review,0.06564254313707352
-9y-fZ3swSY__4,3,in,low_ctc_score_review,0.03694777935743332
-9y-fZ3swSY__4,8,US,low_ctc_score_review,0.007541473489254713
-9y-fZ3swSY__8,10,a,audio_nearest_frame_fallback,0.9933038353919983
-9y-fZ3swSY__8,10,a,vision_nearest_frame_fallback,0.9933038353919983
-9y-fZ3swSY__8,11,lady,low_ctc_score_review,0.030134014785289764
-AUZQgSxyPQ__2,4,to,vision_nearest_frame_fallback,0.9937971234321594
-AUZQgSxyPQ__2,17,containing,low_ctc_score_review,0.10973159223794937
-AUZQgSxyPQ__2,18,jojoba,low_ctc_score_review,0.05952485650777817
-AUZQgSxyPQ__2,23,and,low_ctc_score_review,0.001602309406735003
-AUZQgSxyPQ__2,40,cells.,low_ctc_score_review,0.122627854347229
-HeZS2-Prhc__2,0,The,low_ctc_score_review,0.0013047545216977596
-HeZS2-Prhc__2,7,it,audio_nearest_frame_fallback,0.9947605729103088
-HeZS2-Prhc__2,7,it,vision_nearest_frame_fallback,0.9947605729103088
-HeZS2-Prhc__2,11,as,audio_nearest_frame_fallback,0.6009418964385986
-HeZS2-Prhc__2,11,as,vision_nearest_frame_fallback,0.6009418964385986
-HwX2H8Z4hY__2,0,”,unsupported_characters_or_no_letters,
-HwX2H8Z4hY__2,1,[President,low_ctc_score_review,0.00010510315769352019
-HwX2H8Z4hY__2,2,Ronald,low_ctc_score_review,1.2197476280562114e-05
-HwX2H8Z4hY__2,3,Reagan:],low_ctc_score_review,0.0005374921602196991
-HwX2H8Z4hY__2,5,at,vision_nearest_frame_fallback,0.9968910217285156
-HwX2H8Z4hY__5,0,"""",unsupported_characters_or_no_letters,
-HwX2H8Z4hY__5,8,of,audio_nearest_frame_fallback,0.9993757605552673
-HwX2H8Z4hY__5,9,education,low_ctc_score_review,0.062247518450021744
-HwX2H8Z4hY__6,1,in,vision_nearest_frame_fallback,0.9992513656616211
-HwX2H8Z4hY__6,6,too,low_ctc_score_review,0.03366618603467941
-HwX2H8Z4hY__9,1,is,vision_nearest_frame_fallback,0.9876919984817505
-HwX2H8Z4hY__9,2,a,vision_nearest_frame_fallback,0.9468438029289246
-HwX2H8Z4hY__9,14,he,vision_nearest_frame_fallback,0.324992299079895
-HwX2H8Z4hY__9,17,that,low_ctc_score_review,0.031614039093256
-HwX2H8Z4hY__9,18,the,low_ctc_score_review,0.0012610340490937233
-HwX2H8Z4hY__9,20,is,audio_nearest_frame_fallback,0.654785692691803
-HwX2H8Z4hY__9,20,is,vision_nearest_frame_fallback,0.654785692691803
-I_e4mIh0yE__1,0,In,vision_nearest_frame_fallback,0.9990283846855164
-I_e4mIh0yE__1,16,in,audio_nearest_frame_fallback,0.9996848702430725
-I_e4mIh0yE__3,11,of,low_ctc_score_review,0.16181737184524536
-MeTTeMJBNc__0,3,at,audio_nearest_frame_fallback,0.9990805387496948
-MeTTeMJBNc__0,3,at,vision_nearest_frame_fallback,0.9990805387496948
-MeTTeMJBNc__0,18,of,vision_nearest_frame_fallback,0.9994208812713623
-MeTTeMJBNc__13,5,a,audio_nearest_frame_fallback,0.9962771534919739
-MeTTeMJBNc__13,5,a,vision_nearest_frame_fallback,0.9962771534919739
-MeTTeMJBNc__7,4,a,vision_nearest_frame_fallback,0.9970356225967407
-MeTTeMJBNc__7,20,a,audio_nearest_frame_fallback,0.9958938360214233
-MeTTeMJBNc__7,20,a,vision_nearest_frame_fallback,0.9958938360214233
-MeTTeMJBNc__7,23,and,vision_nearest_frame_fallback,0.9981455206871033
-MeTTeMJBNc__7,25,it,low_ctc_score_review,0.020834654569625854
-MeTTeMJBNc__7,30,frame.,low_ctc_score_review,0.008251908235251904
-NFrJFQijFE__1,0,Structural,low_ctc_score_review,0.005668343976140022
-NFrJFQijFE__1,1,mounts,low_ctc_score_review,0.0042413813062012196
-NFrJFQijFE__1,2,inside,low_ctc_score_review,0.0043512978591024876
-NFrJFQijFE__1,3,have,low_ctc_score_review,0.015330122783780098
-NFrJFQijFE__1,4,to,low_ctc_score_review,0.005292340647429228
-NFrJFQijFE__1,5,be,low_ctc_score_review,0.010778730735182762
-NFrJFQijFE__1,6,properly,low_ctc_score_review,0.006897574756294489
-NFrJFQijFE__1,7,stress,low_ctc_score_review,0.005624441895633936
-NFrJFQijFE__1,8,analyzed,low_ctc_score_review,0.004213552922010422
-NFrJFQijFE__1,9,so,low_ctc_score_review,0.002307306742295623
-NFrJFQijFE__1,9,so,vision_nearest_frame_fallback,0.002307306742295623
-NFrJFQijFE__1,10,we,low_ctc_score_review,0.005730207543820143
-NFrJFQijFE__1,10,we,vision_nearest_frame_fallback,0.005730207543820143
-NFrJFQijFE__1,11,make,low_ctc_score_review,0.004317021928727627
-NFrJFQijFE__1,12,sure,low_ctc_score_review,0.0049909004010260105
-NFrJFQijFE__1,13,all,low_ctc_score_review,0.002882163506001234
-NFrJFQijFE__1,14,that,low_ctc_score_review,0.011122618801891804
-NFrJFQijFE__1,15,happens,low_ctc_score_review,0.006010024342685938
-NFrJFQijFE__2,0,So,low_ctc_score_review,0.00013252963253762573
-NFrJFQijFE__2,1,we,low_ctc_score_review,0.0005454024649225175
-NFrJFQijFE__2,2,coordinate,low_ctc_score_review,0.0015814474318176508
-NFrJFQijFE__2,3,with,low_ctc_score_review,0.0028408546932041645
-NFrJFQijFE__2,4,all,low_ctc_score_review,0.0013513672165572643
-NFrJFQijFE__2,5,the,low_ctc_score_review,0.04036640003323555
-NFrJFQijFE__2,6,proper,low_ctc_score_review,0.0008299866458401084
-NFrJFQijFE__2,7,technical,low_ctc_score_review,0.0011830112198367715
-NFrJFQijFE__2,8,fields,low_ctc_score_review,7.476365135516971e-05
-NFrJFQijFE__2,9,to,low_ctc_score_review,0.026799574494361877
-NFrJFQijFE__2,9,to,vision_nearest_frame_fallback,0.026799574494361877
-NFrJFQijFE__2,10,get,low_ctc_score_review,5.8300280215917155e-05
-NFrJFQijFE__2,11,ready,low_ctc_score_review,0.0005236644647084177
-NFrJFQijFE__2,12,for,low_ctc_score_review,0.00033629979589022696
-NFrJFQijFE__2,13,the,low_ctc_score_review,0.0015234529273584485
-NFrJFQijFE__2,14,instrument,low_ctc_score_review,0.005857173819094896
-NFrJFQijFE__2,15,to,low_ctc_score_review,0.006395932752639055
-NFrJFQijFE__2,16,arrive,low_ctc_score_review,0.002245305571705103
-NFrJFQijFE__2,17,here,low_ctc_score_review,0.00048235285794362426
-RfYyzHpjk4__11,12,and,vision_nearest_frame_fallback,0.9827460050582886
-RfYyzHpjk4__2,3,a,vision_nearest_frame_fallback,0.9871618151664734
-RfYyzHpjk4__2,7,it,low_ctc_score_review,0.0016508924309164286
-RfYyzHpjk4__2,7,it,vision_nearest_frame_fallback,0.0016508924309164286
-RfYyzHpjk4__2,8,takes,low_ctc_score_review,0.018513547256588936
-RfYyzHpjk4__2,9,quite,low_ctc_score_review,0.10588596761226654
-RfYyzHpjk4__2,10,a,vision_nearest_frame_fallback,0.7196725606918335
-RfYyzHpjk4__2,12,of,vision_nearest_frame_fallback,0.6603135466575623
-RfYyzHpjk4__2,16,a,audio_nearest_frame_fallback,0.9944366216659546
-RfYyzHpjk4__2,23,to,low_ctc_score_review,0.012562615796923637
-RfYyzHpjk4__2,24,do.,low_ctc_score_review,0.0016839229501783848
-RfYyzHpjk4__8,4,to,audio_nearest_frame_fallback,0.9992938041687012
-RfYyzHpjk4__8,4,to,vision_nearest_frame_fallback,0.9992938041687012
-RfYyzHpjk4__8,15,of,audio_nearest_frame_fallback,0.9986063241958618
-RfYyzHpjk4__8,15,of,vision_nearest_frame_fallback,0.9986063241958618
-THoVjtIkeU__12,0,What,low_ctc_score_review,0.003431326011195779
-THoVjtIkeU__12,2,we,vision_nearest_frame_fallback,0.9999268651008606
-THoVjtIkeU__12,12,if,vision_nearest_frame_fallback,0.9999040365219116
-THoVjtIkeU__12,29,if,vision_nearest_frame_fallback,0.9995923042297363
-THoVjtIkeU__12,37,in,audio_nearest_frame_fallback,0.9944616556167603
-THoVjtIkeU__12,37,in,vision_nearest_frame_fallback,0.9944616556167603
-THoVjtIkeU__2,0,I,vision_nearest_frame_fallback,0.7837974429130554
-THoVjtIkeU__2,9,people.,low_ctc_score_review,0.0651032030582428
-THoVjtIkeU__6,2,that,low_ctc_score_review,2.8662720069405623e-05
-THoVjtIkeU__6,3,I,low_ctc_score_review,1.2940854503540322e-05
-THoVjtIkeU__6,3,I,audio_nearest_frame_fallback,1.2940854503540322e-05
-THoVjtIkeU__6,10,in,vision_nearest_frame_fallback,0.99910968542099
-THoVjtIkeU__6,18,we,vision_nearest_frame_fallback,0.9996320009231567
-THoVjtIkeU__6,19,have,low_ctc_score_review,0.08436106145381927
-UUCSKoHeMA__0,0,I,low_ctc_score_review,0.12354700267314911
-UUCSKoHeMA__0,0,I,vision_nearest_frame_fallback,0.12354700267314911
-UUCSKoHeMA__0,2,a,audio_nearest_frame_fallback,0.9103007316589355
-UUCSKoHeMA__0,4,in,vision_nearest_frame_fallback,0.6169330477714539
-UUCSKoHeMA__0,5,the,vision_nearest_frame_fallback,0.9783955216407776
-UUCSKoHeMA__0,9,"'monotone',",low_ctc_score_review,0.18769413232803345
-UUCSKoHeMA__0,13,to,vision_nearest_frame_fallback,0.7379122972488403
-UacrmKiTn4__10,1,if,vision_nearest_frame_fallback,0.9985745549201965
-UacrmKiTn4__10,5,in,audio_nearest_frame_fallback,0.9845083951950073
-UacrmKiTn4__10,5,in,vision_nearest_frame_fallback,0.9845083951950073
-UacrmKiTn4__10,17,it.,low_ctc_score_review,0.10643929243087769
-UuX1xuaiiE__0,0,^it's,low_ctc_score_review,1.5383335266960785e-05
-UuX1xuaiiE__1,16,a,vision_nearest_frame_fallback,0.9938765168190002
-UuX1xuaiiE__1,26,here,low_ctc_score_review,0.19782830774784088
-UuX1xuaiiE__3,3,to,low_ctc_score_review,0.16568395495414734
-UuX1xuaiiE__3,5,a,audio_nearest_frame_fallback,0.9628076553344727
-UuX1xuaiiE__3,5,a,vision_nearest_frame_fallback,0.9628076553344727
-UuX1xuaiiE__3,8,lawyer,low_ctc_score_review,0.06546980142593384
-UuX1xuaiiE__6,18,and,low_ctc_score_review,0.012128657661378384
-UuX1xuaiiE__6,21,issues,low_ctc_score_review,0.08572936058044434
-a55Q6RWvTA__3,1,if,low_ctc_score_review,0.1147150918841362
-a55Q6RWvTA__3,5,if,audio_nearest_frame_fallback,0.9992773532867432
-a55Q6RWvTA__3,16,of,audio_nearest_frame_fallback,0.6835388541221619
-a55Q6RWvTA__3,16,of,vision_nearest_frame_fallback,0.6835388541221619
-a55Q6RWvTA__3,44,a,audio_nearest_frame_fallback,0.9564528465270996
-a55Q6RWvTA__3,44,a,vision_nearest_frame_fallback,0.9564528465270996
-a55Q6RWvTA__3,48,of,vision_nearest_frame_fallback,0.6299931406974792
-a55Q6RWvTA__3,55,of,low_ctc_score_review,0.009350636973977089
-a55Q6RWvTA__3,55,of,audio_nearest_frame_fallback,0.009350636973977089
-a55Q6RWvTA__3,64,se.,low_ctc_score_review,0.020053299143910408
-aqamKhZ1Ec__0,0,In,low_ctc_score_review,0.002673372160643339
-aqamKhZ1Ec__0,1,"2008,",unsupported_characters_or_no_letters,
-aqamKhZ1Ec__0,11,a,audio_nearest_frame_fallback,0.8666253089904785
-aqamKhZ1Ec__0,11,a,vision_nearest_frame_fallback,0.8666253089904785
-dxfTGcXJoc__0,5,...,unsupported_characters_or_no_letters,
-dxfTGcXJoc__0,14,than,low_ctc_score_review,0.0826694518327713
-dxfTGcXJoc__0,15,"1,500",unsupported_characters_or_no_letters,
-dxfTGcXJoc__0,23,"100,000",unsupported_characters_or_no_letters,
-dxfTGcXJoc__1,2,10th,unsupported_characters_or_no_letters,
-dxfTGcXJoc__1,22,BIO,low_ctc_score_review,0.19592377543449402
-dxfTGcXJoc__2,2,"20,000",unsupported_characters_or_no_letters,
-dxfTGcXJoc__2,3,biotech,low_ctc_score_review,4.096385964658111e-05
-dxfTGcXJoc__2,12,50,unsupported_characters_or_no_letters,
-dxfTGcXJoc__2,17,BIO,low_ctc_score_review,0.06049300730228424
-dxfTGcXJoc__6,2,at,audio_nearest_frame_fallback,0.9988827109336853
-dxfTGcXJoc__6,5,BIO,low_ctc_score_review,0.09420043975114822
-egA8-b7-3M__1,0,I,vision_nearest_frame_fallback,0.9589871764183044
-egA8-b7-3M__1,2,a,audio_nearest_frame_fallback,0.9906286597251892
-egA8-b7-3M__1,2,a,vision_nearest_frame_fallback,0.9906286597251892
-egA8-b7-3M__1,8,in,low_ctc_score_review,0.07167515903711319
-egA8-b7-3M__1,9,1989.,unsupported_characters_or_no_letters,
-egA8-b7-3M__1,10,I,low_ctc_score_review,0.0016186254797503352
-egA8-b7-3M__1,10,I,audio_nearest_frame_fallback,0.0016186254797503352
-egA8-b7-3M__1,10,I,vision_nearest_frame_fallback,0.0016186254797503352
-egA8-b7-3M__13,10,answer.,low_ctc_score_review,0.019321344792842865
-egA8-b7-3M__16,4,of,vision_nearest_frame_fallback,0.9998512864112854
-egA8-b7-3M__18,6,of,vision_nearest_frame_fallback,0.9997226595878601
-egA8-b7-3M__20,3,a,audio_nearest_frame_fallback,0.996941864490509
-egA8-b7-3M__20,3,a,vision_nearest_frame_fallback,0.996941864490509
-egA8-b7-3M__6,3,a,audio_nearest_frame_fallback,0.9774101376533508
-egA8-b7-3M__6,3,a,vision_nearest_frame_fallback,0.9774101376533508
-egA8-b7-3M__6,11,vendors.,low_ctc_score_review,0.16754451394081116
-hnBHBN8p5A__6,0,"Discussion,",low_ctc_score_review,8.865694690030068e-05
-hnBHBN8p5A__6,1,how,low_ctc_score_review,0.00015468151832465082
-hnBHBN8p5A__6,2,to,low_ctc_score_review,0.0026779856998473406
-hnBHBN8p5A__6,3,discuss,low_ctc_score_review,0.0006091507384553552
-hnBHBN8p5A__6,4,ideas,low_ctc_score_review,0.00047426571836695075
-hnBHBN8p5A__6,5,and,low_ctc_score_review,0.013509304262697697
-hnBHBN8p5A__6,6,opinions,low_ctc_score_review,0.029834026470780373
-hnBHBN8p5A__6,7,more,low_ctc_score_review,0.012274692766368389
-hnBHBN8p5A__6,8,effectively,low_ctc_score_review,2.6150171834160574e-05
-hnBHBN8p5A__6,9,than,low_ctc_score_review,0.00042397109791636467
-hnBHBN8p5A__6,10,a,vision_nearest_frame_fallback,0.97538822889328
-hnBHBN8p5A__6,11,native,low_ctc_score_review,0.00013488551485352218
-hnBHBN8p5A__6,12,speaker,low_ctc_score_review,0.00025627450668253005
-hnBHBN8p5A__7,0,Picture,low_ctc_score_review,1.3751448022958357e-05
-hnBHBN8p5A__7,1,"this,",low_ctc_score_review,4.784578777616844e-06
-hnBHBN8p5A__7,2,before,low_ctc_score_review,0.00614965008571744
-hnBHBN8p5A__7,3,we,low_ctc_score_review,8.735630672163097e-07
-hnBHBN8p5A__7,4,actually,low_ctc_score_review,0.00024589241365902126
-hnBHBN8p5A__7,5,start,low_ctc_score_review,4.821247421205044e-05
-hnBHBN8p5A__7,6,"hacking,",low_ctc_score_review,6.218087946763262e-05
-hnBHBN8p5A__7,7,we’re,low_ctc_score_review,0.0002741344505921006
-hnBHBN8p5A__7,8,in,low_ctc_score_review,0.006063215434551239
-hnBHBN8p5A__7,9,a,low_ctc_score_review,0.00354946032166481
-hnBHBN8p5A__7,9,a,vision_nearest_frame_fallback,0.00354946032166481
-hnBHBN8p5A__7,10,room,low_ctc_score_review,2.958424920507241e-05
-hnBHBN8p5A__7,11,formal,low_ctc_score_review,0.00040191414882428944
-hnBHBN8p5A__7,12,setting,low_ctc_score_review,0.0238466989248991
-iRBcNs9oI8__3,0,"Well,",low_ctc_score_review,0.003478812985122204
-iRBcNs9oI8__3,1,it,low_ctc_score_review,2.775845496216789e-05
-iRBcNs9oI8__3,1,it,vision_nearest_frame_fallback,2.775845496216789e-05
-iRBcNs9oI8__3,2,is,low_ctc_score_review,8.75235054991208e-05
-iRBcNs9oI8__3,3,the,low_ctc_score_review,0.05116705968976021
-iRBcNs9oI8__3,4,secret,low_ctc_score_review,0.0029166825115680695
-iRBcNs9oI8__3,6,power,low_ctc_score_review,0.003394653555005789
-iRBcNs9oI8__3,7,pose,low_ctc_score_review,0.00010525160905672237
-iRBcNs9oI8__6,0,What,low_ctc_score_review,0.007616919465363026
-iRBcNs9oI8__6,2,a,low_ctc_score_review,2.295912418048829e-05
-iRBcNs9oI8__6,2,a,audio_nearest_frame_fallback,2.295912418048829e-05
-iRBcNs9oI8__6,2,a,vision_nearest_frame_fallback,2.295912418048829e-05
-iRBcNs9oI8__6,3,power,low_ctc_score_review,0.00038448674604296684
-iRBcNs9oI8__6,4,pose,low_ctc_score_review,6.137679883977398e-05
-iRBcNs9oI8__7,0,"Well,",low_ctc_score_review,6.304021371761337e-05
-iRBcNs9oI8__7,1,for,low_ctc_score_review,3.780739461944904e-06
-iRBcNs9oI8__7,2,"starters,",low_ctc_score_review,0.0026281443424522877
-iRBcNs9oI8__7,3,let's,low_ctc_score_review,1.397414416715037e-05
-iRBcNs9oI8__7,4,look,low_ctc_score_review,5.765568857896142e-07
-iRBcNs9oI8__7,5,at,low_ctc_score_review,0.0006423381273634732
-iRBcNs9oI8__7,6,the,low_ctc_score_review,0.032839931547641754
-iRBcNs9oI8__7,7,word,low_ctc_score_review,1.6637523003737442e-05
-iRBcNs9oI8__7,8,"""power""",low_ctc_score_review,0.0005092349601909518
-iRBcNs9oI8__8,0,I've,low_ctc_score_review,0.0013784411130473018
-iRBcNs9oI8__8,1,drawn,low_ctc_score_review,2.985375431308057e-05
-iRBcNs9oI8__8,2,this,low_ctc_score_review,0.012832388281822205
-iRBcNs9oI8__8,3,man,low_ctc_score_review,0.0018185258377343416
-iRBcNs9oI8__8,4,"here,",low_ctc_score_review,6.780270632589236e-05
-iRBcNs9oI8__8,5,and,low_ctc_score_review,3.434976315475069e-05
-iRBcNs9oI8__8,6,if,low_ctc_score_review,3.0039216653676704e-05
-iRBcNs9oI8__8,6,if,vision_nearest_frame_fallback,3.0039216653676704e-05
-iRBcNs9oI8__8,7,you,low_ctc_score_review,4.9775077059166506e-05
-iRBcNs9oI8__8,8,can,low_ctc_score_review,0.00010677896352717653
-iRBcNs9oI8__8,9,"tell,",low_ctc_score_review,1.929197878780542e-06
-iRBcNs9oI8__8,11,has,low_ctc_score_review,1.940931042554439e-06
-iRBcNs9oI8__8,12,a,vision_nearest_frame_fallback,0.40166234970092773
-iRBcNs9oI8__8,13,lot,low_ctc_score_review,2.2009880922269076e-05
-iRBcNs9oI8__8,14,of,low_ctc_score_review,0.0009206642862409353
-iRBcNs9oI8__8,15,big,low_ctc_score_review,5.299570329952985e-05
-iRBcNs9oI8__8,16,"muscles,",low_ctc_score_review,1.0082596418214962e-05
-iRBcNs9oI8__8,17,he,low_ctc_score_review,5.196303618504317e-07
-iRBcNs9oI8__8,17,he,audio_nearest_frame_fallback,5.196303618504317e-07
-iRBcNs9oI8__8,18,looks,low_ctc_score_review,1.6341169612132944e-05
-iRBcNs9oI8__8,19,very,low_ctc_score_review,4.755703412229195e-05
-iRBcNs9oI8__8,20,strong,low_ctc_score_review,3.206024848623201e-05
-iRBcNs9oI8__9,0,Power,low_ctc_score_review,0.0004746048361994326
-iRBcNs9oI8__9,1,is,low_ctc_score_review,4.952317976858467e-05
-iRBcNs9oI8__9,1,is,audio_nearest_frame_fallback,4.952317976858467e-05
-iRBcNs9oI8__9,2,similar,low_ctc_score_review,5.3730866056866944e-05
-iRBcNs9oI8__9,3,to,low_ctc_score_review,0.0009116602595895529
-iRBcNs9oI8__9,4,strength,low_ctc_score_review,0.00043416497646830976
-lzEya4AM_4__5,4,oh,low_ctc_score_review,0.03155459463596344
-lzEya4AM_4__5,6,of,audio_nearest_frame_fallback,0.9974715709686279
-lzEya4AM_4__5,6,of,vision_nearest_frame_fallback,0.9974715709686279
-lzEya4AM_4__5,11,nausea,low_ctc_score_review,0.15929119288921356
-lzEya4AM_4__5,15,be,vision_nearest_frame_fallback,0.9976330399513245
-lzEya4AM_4__5,18,step.,low_ctc_score_review,0.1137920618057251
-lzEya4AM_4__6,0,If,audio_nearest_frame_fallback,0.9997051358222961
-lzEya4AM_4__6,0,If,vision_nearest_frame_fallback,0.9997051358222961
-lzEya4AM_4__6,5,is,audio_nearest_frame_fallback,0.4732426106929779
-lzEya4AM_4__6,5,is,vision_nearest_frame_fallback,0.4732426106929779
-lzEya4AM_4__6,8,of,vision_nearest_frame_fallback,0.9979968070983887
-lzEya4AM_4__6,24,as,low_ctc_score_review,0.0026613553054630756
-lzEya4AM_4__6,32,it,audio_nearest_frame_fallback,0.9989558458328247
-lzEya4AM_4__6,32,it,vision_nearest_frame_fallback,0.9989558458328247
-mJ2ud6oKI8__1,0,There,low_ctc_score_review,0.019215989857912064
-mJ2ud6oKI8__1,1,are,low_ctc_score_review,0.022372255101799965
-mJ2ud6oKI8__1,2,a,low_ctc_score_review,0.036753103137016296
-mJ2ud6oKI8__1,3,dozen,low_ctc_score_review,0.0029159372206777334
-mJ2ud6oKI8__1,4,or,low_ctc_score_review,0.013238336890935898
-mJ2ud6oKI8__1,4,or,vision_nearest_frame_fallback,0.013238336890935898
-mJ2ud6oKI8__1,5,more,low_ctc_score_review,0.008831177838146687
-mJ2ud6oKI8__1,6,hands,low_ctc_score_review,0.008012895472347736
-mJ2ud6oKI8__1,7,on,low_ctc_score_review,0.004273226484656334
-mJ2ud6oKI8__1,7,on,vision_nearest_frame_fallback,0.004273226484656334
-mJ2ud6oKI8__1,8,techniques,low_ctc_score_review,0.007941309362649918
-mJ2ud6oKI8__1,9,that,low_ctc_score_review,0.02269499935209751
-mJ2ud6oKI8__1,10,we,low_ctc_score_review,0.004302597604691982
-mJ2ud6oKI8__1,11,can,low_ctc_score_review,0.004792237654328346
-mJ2ud6oKI8__1,12,do,low_ctc_score_review,0.007985257543623447
-mJ2ud6oKI8__1,12,do,audio_nearest_frame_fallback,0.007985257543623447
-mJ2ud6oKI8__2,0,So,low_ctc_score_review,0.02563668042421341
-mJ2ud6oKI8__2,0,So,vision_nearest_frame_fallback,0.02563668042421341
-mJ2ud6oKI8__2,1,physical,low_ctc_score_review,0.009945735335350037
-mJ2ud6oKI8__2,2,therapists,low_ctc_score_review,0.019993366673588753
-mJ2ud6oKI8__2,3,and,low_ctc_score_review,0.005110245198011398
-mJ2ud6oKI8__2,4,chiropractors,low_ctc_score_review,0.011866756714880466
-mJ2ud6oKI8__2,5,will,low_ctc_score_review,0.002864815527573228
-mJ2ud6oKI8__2,6,do,low_ctc_score_review,0.008078237064182758
-mJ2ud6oKI8__2,7,joint,low_ctc_score_review,0.005254714749753475
-mJ2ud6oKI8__2,8,manipulations,low_ctc_score_review,0.008821972645819187
-mJ2ud6oKI8__2,9,and,low_ctc_score_review,0.0051365443505346775
-mJ2ud6oKI8__2,10,mobilizations,low_ctc_score_review,0.007228096481412649
-mJ2ud6oKI8__6,0,They,low_ctc_score_review,0.05870784446597099
-mJ2ud6oKI8__6,1,are,low_ctc_score_review,0.0001797872391762212
-mJ2ud6oKI8__6,2,all,low_ctc_score_review,0.0016374718397855759
-mJ2ud6oKI8__6,3,very,low_ctc_score_review,0.017314763739705086
-mJ2ud6oKI8__6,4,safe,low_ctc_score_review,0.0011384516255930066
-mJ2ud6oKI8__8,0,Sometimes,low_ctc_score_review,0.0005296074086800218
-mJ2ud6oKI8__8,1,we,low_ctc_score_review,0.00011803211964434013
-mJ2ud6oKI8__8,2,have,low_ctc_score_review,0.004663257393985987
-mJ2ud6oKI8__8,3,to,low_ctc_score_review,0.026667021214962006
-mJ2ud6oKI8__8,4,stretch,low_ctc_score_review,0.0026166848838329315
-mJ2ud6oKI8__8,5,that,low_ctc_score_review,0.00816711038351059
-mJ2ud6oKI8__8,6,joint,low_ctc_score_review,8.482434168399777e-06
-mJ2ud6oKI8__8,7,that,low_ctc_score_review,0.0019040410406887531
-mJ2ud6oKI8__8,8,is,low_ctc_score_review,0.005354615394026041
-mJ2ud6oKI8__8,8,is,vision_nearest_frame_fallback,0.005354615394026041
-mJ2ud6oKI8__8,9,already,low_ctc_score_review,0.01022419985383749
-mJ2ud6oKI8__8,10,irritated,low_ctc_score_review,0.0010669411858543754
-mJ2ud6oKI8__9,0,It's,low_ctc_score_review,0.002400023862719536
-mJ2ud6oKI8__9,1,safe,low_ctc_score_review,0.0001916142791742459
-mJ2ud6oKI8__9,2,and,low_ctc_score_review,0.052773669362068176
-mJ2ud6oKI8__9,3,the,low_ctc_score_review,5.217266334511805e-06
-mJ2ud6oKI8__9,4,person,low_ctc_score_review,0.002205503638833761
-mJ2ud6oKI8__9,5,will,low_ctc_score_review,0.00014405656838789582
-mJ2ud6oKI8__9,6,feel,low_ctc_score_review,0.0004965519765391946
-mJ2ud6oKI8__9,7,better,low_ctc_score_review,0.0528545081615448
-mJ2ud6oKI8__9,8,later,low_ctc_score_review,0.03073156252503395
-mJ2ud6oKI8__9,9,"on,",low_ctc_score_review,0.00015492200327571481
-mJ2ud6oKI8__9,11,it's,low_ctc_score_review,0.0005891422624699771
-mJ2ud6oKI8__9,12,sort,low_ctc_score_review,0.0004664220323320478
-mJ2ud6oKI8__9,13,of,low_ctc_score_review,2.7547887384571368e-06
-mJ2ud6oKI8__9,14,like,low_ctc_score_review,0.0003145344671793282
-mJ2ud6oKI8__9,15,flossing,low_ctc_score_review,2.446012331347447e-05
-mJ2ud6oKI8__9,16,your,low_ctc_score_review,0.05091438069939613
-mJ2ud6oKI8__9,17,teeth,low_ctc_score_review,0.001006023259833455
-mJ2ud6oKI8__9,18,for,low_ctc_score_review,0.001172192976810038
-mJ2ud6oKI8__9,19,the,low_ctc_score_review,0.0048362440429627895
-mJ2ud6oKI8__9,20,first,low_ctc_score_review,0.0021061557345092297
-mJ2ud6oKI8__9,21,time,low_ctc_score_review,0.00022171626915223897
-mqbVkbCndg__0,1,at,vision_nearest_frame_fallback,0.999263346195221
-mqbVkbCndg__0,6,time—our,low_ctc_score_review,0.03460216894745827
-qDkUB0GgYY__6,0,We,low_ctc_score_review,0.018447142094373703
-qDkUB0GgYY__6,3,to,audio_nearest_frame_fallback,0.9899680614471436
-qDkUB0GgYY__6,3,to,vision_nearest_frame_fallback,0.9899680614471436
-qDkUB0GgYY__6,10,and,low_ctc_score_review,0.13762305676937103
-qDkUB0GgYY__6,11,share,low_ctc_score_review,0.07254964858293533
-qDkUB0GgYY__6,12,this,low_ctc_score_review,0.056429214775562286
-qDkUB0GgYY__6,13,video,low_ctc_score_review,0.002821458037942648
-ri04Z7vwnc__0,0,going,low_ctc_score_review,0.003974697086960077
-ri04Z7vwnc__0,1,to,low_ctc_score_review,0.05951014161109924
-ri04Z7vwnc__0,2,get,low_ctc_score_review,0.006445045117288828
-ri04Z7vwnc__0,3,married,low_ctc_score_review,0.02439909800887108
-ri04Z7vwnc__0,4,or,low_ctc_score_review,0.007215647958219051
-ri04Z7vwnc__0,4,or,vision_nearest_frame_fallback,0.007215647958219051
-ri04Z7vwnc__0,5,are,low_ctc_score_review,0.0022379644215106964
-ri04Z7vwnc__0,6,already,low_ctc_score_review,0.006015259772539139
-ri04Z7vwnc__0,7,married,low_ctc_score_review,0.00821654312312603
-ri04Z7vwnc__2,0,most,low_ctc_score_review,0.003244311548769474
-ri04Z7vwnc__2,1,people,low_ctc_score_review,0.006844158750027418
-ri04Z7vwnc__2,2,think,low_ctc_score_review,0.003005735808983445
-ri04Z7vwnc__2,3,it'll,low_ctc_score_review,0.006767603103071451
-ri04Z7vwnc__2,4,sort,low_ctc_score_review,0.0033636828884482384
-ri04Z7vwnc__2,5,itself,low_ctc_score_review,0.00037378742126747966
-ri04Z7vwnc__2,6,"out,",low_ctc_score_review,0.0048203375190496445
-ri04Z7vwnc__2,7,"""we'll",low_ctc_score_review,0.0009242936503142118
-ri04Z7vwnc__2,8,discuss,low_ctc_score_review,0.00029634725069627166
-ri04Z7vwnc__2,9,it,low_ctc_score_review,0.0005226177745498717
-ri04Z7vwnc__2,10,"later,""",low_ctc_score_review,0.006374558433890343
-ri04Z7vwnc__2,11,it's,low_ctc_score_review,0.0014597271801903844
-ri04Z7vwnc__2,12,not,low_ctc_score_review,6.935237615834922e-05
-ri04Z7vwnc__2,13,something,low_ctc_score_review,0.0009470079676248133
-ri04Z7vwnc__2,14,too,low_ctc_score_review,9.723596303956583e-05
-ri04Z7vwnc__2,15,important,low_ctc_score_review,0.001189928618259728
-ri04Z7vwnc__5,0,"""",unsupported_characters_or_no_letters,
-ri04Z7vwnc__5,1,So,low_ctc_score_review,0.009540214203298092
-ri04Z7vwnc__5,2,I,low_ctc_score_review,0.00035620899870991707
-ri04Z7vwnc__5,3,think,low_ctc_score_review,4.3691193241102155e-06
-ri04Z7vwnc__5,4,it's,low_ctc_score_review,4.5299504563445225e-05
-ri04Z7vwnc__5,5,important,low_ctc_score_review,0.0013513762969523668
-ri04Z7vwnc__5,6,to,low_ctc_score_review,0.023720819503068924
-ri04Z7vwnc__5,6,to,audio_nearest_frame_fallback,0.023720819503068924
-ri04Z7vwnc__5,7,discuss,low_ctc_score_review,0.00015863672888372093
-ri04Z7vwnc__5,8,finances,low_ctc_score_review,0.004280498716980219
-s9qJ7ATP7w__0,0,they,low_ctc_score_review,0.07582128793001175
-s9qJ7ATP7w__0,9,a,audio_nearest_frame_fallback,0.8690705895423889
-s9qJ7ATP7w__0,15,in,audio_nearest_frame_fallback,0.7090167999267578
-s9qJ7ATP7w__0,15,in,vision_nearest_frame_fallback,0.7090167999267578
-s9qJ7ATP7w__0,16,a,audio_nearest_frame_fallback,0.926285982131958
-s9qJ7ATP7w__0,16,a,vision_nearest_frame_fallback,0.926285982131958
-s9qJ7ATP7w__0,23,up,vision_nearest_frame_fallback,0.9963172674179077
-s9qJ7ATP7w__1,0,But,low_ctc_score_review,0.02141311578452587
-s9qJ7ATP7w__1,4,in,vision_nearest_frame_fallback,0.9909675121307373
-s9qJ7ATP7w__1,6,to,vision_nearest_frame_fallback,0.8223034143447876
-s9qJ7ATP7w__4,0,I,audio_nearest_frame_fallback,0.7648434638977051
-s9qJ7ATP7w__4,0,I,vision_nearest_frame_fallback,0.7648434638977051
-s9qJ7ATP7w__4,8,seriously,low_ctc_score_review,0.035102613270282745
-s9qJ7ATP7w__5,0,I,low_ctc_score_review,0.0002867659495677799
-s9qJ7ATP7w__5,0,I,audio_nearest_frame_fallback,0.0002867659495677799
-s9qJ7ATP7w__5,0,I,vision_nearest_frame_fallback,0.0002867659495677799
-s9qJ7ATP7w__6,1,I,vision_nearest_frame_fallback,0.8019876480102539
-s9qJ7ATP7w__7,0,I,audio_nearest_frame_fallback,0.8158804178237915
-s9qJ7ATP7w__7,0,I,vision_nearest_frame_fallback,0.8158804178237915
-s9qJ7ATP7w__7,2,to,vision_nearest_frame_fallback,0.9805730581283569
-s9qJ7ATP7w__7,8,guy,low_ctc_score_review,0.04644344374537468
-s9qJ7ATP7w__7,9,who,low_ctc_score_review,0.014513181522488594
-s9qJ7ATP7w__7,13,a,low_ctc_score_review,0.11749739944934845
-s9qJ7ATP7w__7,17,said,low_ctc_score_review,0.0007996665663085878
-s9qJ7ATP7w__7,18,to,low_ctc_score_review,0.0004659363185055554
-s9qJ7ATP7w__8,0,"""",unsupported_characters_or_no_letters,
-s9qJ7ATP7w__8,2,I,audio_nearest_frame_fallback,0.9817817211151123
-s9qJ7ATP7w__8,6,a,vision_nearest_frame_fallback,0.974093496799469
-t217m2on-s__2,0,But,low_ctc_score_review,0.02880210615694523
-t217m2on-s__2,1,a,audio_nearest_frame_fallback,0.9656715393066406
-t217m2on-s__2,6,is,vision_nearest_frame_fallback,0.8415213227272034
-t217m2on-s__2,11,effective.,low_ctc_score_review,0.12437034398317337
-t217m2on-s__7,20,a,vision_nearest_frame_fallback,0.9969478249549866
-t217m2on-s__7,25,it,audio_nearest_frame_fallback,0.999317467212677
-t217m2on-s__7,30,of,audio_nearest_frame_fallback,0.9933479428291321
-t217m2on-s__7,30,of,vision_nearest_frame_fallback,0.9933479428291321
-t217m2on-s__7,31,a,audio_nearest_frame_fallback,0.9849103093147278
-t217m2on-s__7,35,a,vision_nearest_frame_fallback,0.9853804707527161
-t217m2on-s__7,42,to,audio_nearest_frame_fallback,0.9632014036178589
-t217m2on-s__7,42,to,vision_nearest_frame_fallback,0.9632014036178589
-tANM6ETl_M__3,7,a,vision_nearest_frame_fallback,0.9980992674827576
-tANM6ETl_M__3,10,a,audio_nearest_frame_fallback,0.9884806871414185
-tANM6ETl_M__3,17,or,low_ctc_score_review,1.2454299394448753e-05
-tPCytz4rww__10,4,if,vision_nearest_frame_fallback,0.9996570348739624
-tPCytz4rww__11,8,not,low_ctc_score_review,0.14155499637126923
-tPCytz4rww__12,7,and,vision_nearest_frame_fallback,0.4663820266723633
-tPCytz4rww__12,8,going,low_ctc_score_review,0.010537796653807163
-tPCytz4rww__12,9,to,low_ctc_score_review,0.0016084065428003669
-tPCytz4rww__12,11,"in,",vision_nearest_frame_fallback,0.963452935218811
-tPCytz4rww__16,5,a,audio_nearest_frame_fallback,0.9861878156661987
-tPCytz4rww__16,5,a,vision_nearest_frame_fallback,0.9861878156661987
-tPCytz4rww__16,7,or,low_ctc_score_review,0.030163751915097237
-tPCytz4rww__16,10,a,audio_nearest_frame_fallback,0.8924700617790222
-tPCytz4rww__16,15,property.,low_ctc_score_review,0.06534196436405182
-tPCytz4rww__18,15,accumulated.,low_ctc_score_review,0.16021111607551575
-uywlfIYOS8__4,0,And,low_ctc_score_review,0.11332567781209946
-uywlfIYOS8__4,3,a,vision_nearest_frame_fallback,0.9904816746711731
-vxjVxOeScU__4,0,You're,low_ctc_score_review,0.0011991738574579358
-vxjVxOeScU__4,1,going,low_ctc_score_review,0.009740261361002922
-vxjVxOeScU__4,2,to,vision_nearest_frame_fallback,0.714614987373352
-vxjVxOeScU__4,9,and,low_ctc_score_review,0.023704713210463524
-vxjVxOeScU__4,13,it,vision_nearest_frame_fallback,0.9998130798339844
-wMB_hJL-3o__7,1,if,audio_nearest_frame_fallback,0.9999374151229858
-wMB_hJL-3o__7,4,a,audio_nearest_frame_fallback,0.966021716594696
-wMB_hJL-3o__7,8,is,vision_nearest_frame_fallback,0.9825080633163452
-wMB_hJL-3o__7,21,doing.,low_ctc_score_review,0.06701237708330154
-wny0OAz3g8__1,15,–,unsupported_characters_or_no_letters,
-wny0OAz3g8__2,13,of,vision_nearest_frame_fallback,0.9953919649124146
-wny0OAz3g8__2,17,of,vision_nearest_frame_fallback,0.9953913688659668
-wny0OAz3g8__3,6,and,vision_nearest_frame_fallback,0.7789846658706665
-wny0OAz3g8__5,9,a,audio_nearest_frame_fallback,0.9988031387329102
-wny0OAz3g8__5,9,a,vision_nearest_frame_fallback,0.9988031387329102
-wny0OAz3g8__7,11,as,vision_nearest_frame_fallback,0.9992929697036743
-wny0OAz3g8__7,12,a,vision_nearest_frame_fallback,0.9946086406707764
-wny0OAz3g8__7,14,to,vision_nearest_frame_fallback,0.9998680949211121
-wny0OAz3g8__7,26,of,audio_nearest_frame_fallback,0.9996674656867981
-wny0OAz3g8__7,26,of,vision_nearest_frame_fallback,0.9996674656867981
-wny0OAz3g8__9,0,He,low_ctc_score_review,6.764873251086101e-05
-wny0OAz3g8__9,4,and,vision_nearest_frame_fallback,0.6743800640106201
-wny0OAz3g8__9,8,to,audio_nearest_frame_fallback,0.9698419570922852
-wny0OAz3g8__9,13,in,audio_nearest_frame_fallback,0.9484221339225769
-wny0OAz3g8__9,15,of,audio_nearest_frame_fallback,0.9966280460357666
-wny0OAz3g8__9,15,of,vision_nearest_frame_fallback,0.9966280460357666
-wny0OAz3g8__9,18,and,low_ctc_score_review,0.1745431125164032
-wny0OAz3g8__9,18,and,vision_nearest_frame_fallback,0.1745431125164032
-yRb-Jum7EQ__1,0,it,low_ctc_score_review,0.026149800047278404
-yRb-Jum7EQ__1,1,comes,low_ctc_score_review,0.0042244731448590755
-yRb-Jum7EQ__1,2,with,low_ctc_score_review,0.00971427746117115
-yRb-Jum7EQ__1,4,assistance,low_ctc_score_review,0.0581749863922596
-yRb-Jum7EQ__1,5,and,low_ctc_score_review,0.0012981949839740992
-yRb-Jum7EQ__1,6,agitation,low_ctc_score_review,0.010722490027546883
-yRb-Jum7EQ__1,7,of,low_ctc_score_review,0.011138482950627804
-yRb-Jum7EQ__1,8,states,low_ctc_score_review,0.006040521897375584
-yRb-Jum7EQ__1,9,and,low_ctc_score_review,0.00041792518459260464
-yRb-Jum7EQ__1,10,"regimes,",low_ctc_score_review,0.03644106537103653
-yRb-Jum7EQ__1,11,Yesterday,low_ctc_score_review,0.009139087982475758
-yRb-Jum7EQ__1,12,Iran,low_ctc_score_review,0.08900950849056244
-yRb-Jum7EQ__1,13,announced,low_ctc_score_review,0.004028084222227335
-yRb-Jum7EQ__1,14,that,low_ctc_score_review,0.024640357121825218
-yRb-Jum7EQ__1,15,it,low_ctc_score_review,0.0705287829041481
-yRb-Jum7EQ__1,16,will,low_ctc_score_review,0.0676409974694252
-yRb-Jum7EQ__1,17,finance,low_ctc_score_review,0.014955083839595318
-yRb-Jum7EQ__1,18,the,low_ctc_score_review,0.18607601523399353
-yRb-Jum7EQ__1,19,families,low_ctc_score_review,0.01130150817334652
-yRb-Jum7EQ__1,20,of,low_ctc_score_review,0.0064611355774104595
-yRb-Jum7EQ__1,21,the,low_ctc_score_review,0.11601579934358597
-yRb-Jum7EQ__1,22,terrorists,low_ctc_score_review,0.025567468255758286
-yRb-Jum7EQ__1,24,murderers,low_ctc_score_review,0.02450663223862648
-yRb-Jum7EQ__1,25,this,low_ctc_score_review,0.16105566918849945
-yRb-Jum7EQ__1,26,shows,low_ctc_score_review,0.0011829130817204714
-yRb-Jum7EQ__1,27,that,low_ctc_score_review,0.039923157542943954
-yRb-Jum7EQ__1,28,"Iran,",low_ctc_score_review,0.01340345200151205
-yRb-Jum7EQ__1,29,even,low_ctc_score_review,0.06821107864379883
-yRb-Jum7EQ__1,30,after,low_ctc_score_review,0.019755810499191284
-yRb-Jum7EQ__1,31,the,low_ctc_score_review,0.0006336658261716366
-yRb-Jum7EQ__1,32,nuclear,low_ctc_score_review,0.0015907288761809468
-yRb-Jum7EQ__1,33,"agreement,",low_ctc_score_review,0.044792212545871735
-yRb-Jum7EQ__1,34,is,low_ctc_score_review,0.014037048444151878
-yRb-Jum7EQ__1,35,continuing,low_ctc_score_review,0.002908797701820731
-yRb-Jum7EQ__1,36,to,low_ctc_score_review,0.015143734402954578
-yRb-Jum7EQ__1,37,aid,low_ctc_score_review,0.009700686670839787
-yRb-Jum7EQ__1,38,"terrorism,",low_ctc_score_review,0.008871234953403473
-yRb-Jum7EQ__1,39,including,low_ctc_score_review,0.001802406390197575
-yRb-Jum7EQ__1,41,"terrorism,",low_ctc_score_review,0.07807167619466782
-yRb-Jum7EQ__1,42,Hezbollah,low_ctc_score_review,0.11054862290620804
-yRb-Jum7EQ__1,43,terrorism,low_ctc_score_review,0.005634911358356476
-yRb-Jum7EQ__1,44,and,low_ctc_score_review,0.06938689947128296
-yRb-Jum7EQ__1,45,its,low_ctc_score_review,0.010945855639874935
-yRb-Jum7EQ__1,46,assistance,low_ctc_score_review,0.0016599661903455853
-yRb-Jum7EQ__1,47,to,low_ctc_score_review,0.0017860883381217718
-yRb-Jum7EQ__5,0,Yesterday,low_ctc_score_review,0.004672588314861059
-yRb-Jum7EQ__5,2,Gelman,low_ctc_score_review,0.0815136730670929
-yRb-Jum7EQ__5,3,lost,low_ctc_score_review,0.01459567155689001
-yRb-Jum7EQ__5,4,his,low_ctc_score_review,0.0034237897489219904
-yRb-Jum7EQ__5,5,life,low_ctc_score_review,0.0870690867304802
-yRb-Jum7EQ__5,6,in,low_ctc_score_review,0.025245895609259605
-yRb-Jum7EQ__5,7,another,low_ctc_score_review,0.0214474406093359
-yRb-Jum7EQ__5,8,terrorist,low_ctc_score_review,0.003479338949546218
-yRb-Jum7EQ__5,9,"attack,",low_ctc_score_review,0.01597033254802227
-yRb-Jum7EQ__5,10,not,low_ctc_score_review,0.07922666519880295
-yRb-Jum7EQ__5,11,by,low_ctc_score_review,0.0005407242570072412
-yRb-Jum7EQ__5,12,the,low_ctc_score_review,0.05058883875608444
-yRb-Jum7EQ__5,13,students,low_ctc_score_review,0.001042483956553042
-yRb-Jum7EQ__5,14,of,low_ctc_score_review,0.000833782774861902
-yRb-Jum7EQ__5,15,"terrorism,",low_ctc_score_review,0.0028591996524482965
-yRb-Jum7EQ__5,16,but,low_ctc_score_review,0.026350704953074455
-yRb-Jum7EQ__5,17,by,low_ctc_score_review,0.001190324779599905
-yRb-Jum7EQ__5,18,those,low_ctc_score_review,0.04856603592634201
-yRb-Jum7EQ__5,19,who,low_ctc_score_review,0.015216147527098656
-yRb-Jum7EQ__5,20,teach,low_ctc_score_review,0.03502655401825905
-yRb-Jum7EQ__5,21,"terrorism,",low_ctc_score_review,0.07513166964054108
-yRb-Jum7EQ__5,22,a,low_ctc_score_review,0.022694522514939308
-yRb-Jum7EQ__5,22,a,audio_nearest_frame_fallback,0.022694522514939308
-yRb-Jum7EQ__5,23,Palestinian,low_ctc_score_review,0.08059688657522202
-yRb-Jum7EQ__5,24,teacher.,low_ctc_score_review,0.12622319161891937
-yRb-Jum7EQ__6,0,"Therefore,",low_ctc_score_review,0.05433102324604988
-yRb-Jum7EQ__6,1,the,low_ctc_score_review,0.002787144621834159
-yRb-Jum7EQ__6,2,world,low_ctc_score_review,0.051255542784929276
-yRb-Jum7EQ__6,3,needs,low_ctc_score_review,0.0007568596629425883
-yRb-Jum7EQ__6,4,to,low_ctc_score_review,0.1793280392885208
-yRb-Jum7EQ__6,5,stand,low_ctc_score_review,0.042134568095207214
-yRb-Jum7EQ__6,6,with,low_ctc_score_review,0.0017164894379675388
-yRb-Jum7EQ__6,7,Israel,low_ctc_score_review,0.05596993863582611
-yRb-Jum7EQ__6,8,against,low_ctc_score_review,0.027096176519989967
-yRb-Jum7EQ__6,9,this,low_ctc_score_review,0.0599057711660862
-yRb-Jum7EQ__6,10,"incitement,",low_ctc_score_review,0.0050737494602799416
-yRb-Jum7EQ__6,11,which,low_ctc_score_review,0.008073731325566769
-yRb-Jum7EQ__6,12,is,low_ctc_score_review,0.0034106760285794735
-yRb-Jum7EQ__6,13,the,low_ctc_score_review,0.017522606998682022
-yRb-Jum7EQ__6,14,number,low_ctc_score_review,0.053196050226688385
-yRb-Jum7EQ__6,15,one,low_ctc_score_review,0.0022850465029478073
-yRb-Jum7EQ__6,16,cause,low_ctc_score_review,0.027865633368492126
-yRb-Jum7EQ__6,17,of,low_ctc_score_review,0.011145028285682201
-yRb-Jum7EQ__6,18,terrorism.,low_ctc_score_review,0.009064806625247002
