sample_id,word_index,word,pred_start_s,pred_end_s,reference_start_s,reference_end_s,review_status,reviewer_note
-mJ2ud6oKI8__6,0,They,0.0225,0.4425,,,pending,
-mJ2ud6oKI8__6,1,are,0.5825,0.7025,,,pending,
-mJ2ud6oKI8__6,2,all,0.8425,0.9425,,,pending,
-mJ2ud6oKI8__6,3,very,1.3625,2.0025,,,pending,
-mJ2ud6oKI8__6,4,safe,2.0225,2.1625,,,pending,
-HwX2H8Z4hY__2,0,”,,,,,pending,
-HwX2H8Z4hY__2,1,[President,0.0025,0.2425,,,pending,
-HwX2H8Z4hY__2,2,Ronald,0.3025,0.5225,,,pending,
-HwX2H8Z4hY__2,3,Reagan:],0.5425,0.7825,,,pending,
-HwX2H8Z4hY__2,4,"""Look",2.7025,2.8225,,,pending,
-HwX2H8Z4hY__2,5,at,2.8825,2.9225,,,pending,
-HwX2H8Z4hY__2,6,the,2.9625,3.0225,,,pending,
-HwX2H8Z4hY__2,7,record,3.0825,3.3425,,,pending,
-s9qJ7ATP7w__1,0,But,0.5425,0.8425,,,pending,
-s9qJ7ATP7w__1,1,the,1.3625,1.4225,,,pending,
-s9qJ7ATP7w__1,2,hardest,1.4825,1.7425,,,pending,
-s9qJ7ATP7w__1,3,thing,1.7625,1.8825,,,pending,
-s9qJ7ATP7w__1,4,in,1.9425,1.9825,,,pending,
-s9qJ7ATP7w__1,5,life,2.0225,2.1625,,,pending,
-s9qJ7ATP7w__1,6,to,2.2025,2.2625,,,pending,
-s9qJ7ATP7w__1,7,"learn,",2.3225,2.5425,,,pending,
-s9qJ7ATP7w__1,8,is,3.1425,3.2025,,,pending,
-s9qJ7ATP7w__1,9,to,3.2625,3.3425,,,pending,
-s9qJ7ATP7w__1,10,lose,3.4025,4.2625,,,pending,
-HwX2H8Z4hY__5,0,"""",,,,,pending,
-HwX2H8Z4hY__5,1,President,0.8025,1.2025,,,pending,
-HwX2H8Z4hY__5,2,Ronald,1.3225,1.6225,,,pending,
-HwX2H8Z4hY__5,3,Reagan,1.7025,2.0825,,,pending,
-HwX2H8Z4hY__5,4,blamed,2.2025,2.5225,,,pending,
-HwX2H8Z4hY__5,5,the,2.6425,2.7225,,,pending,
-HwX2H8Z4hY__5,6,professional,2.7825,3.3625,,,pending,
-HwX2H8Z4hY__5,7,bureaucracy,3.4625,4.1425,,,pending,
-HwX2H8Z4hY__5,8,of,4.3025,4.3425,,,pending,
-HwX2H8Z4hY__5,9,education,4.4625,5.0825,,,pending,
-egA8-b7-3M__6,0,First,0.5225,0.8025,,,pending,
-egA8-b7-3M__6,1,exhibiting,1.0425,1.5625,,,pending,
-egA8-b7-3M__6,2,is,1.6425,1.7425,,,pending,
-egA8-b7-3M__6,3,a,1.8025,1.8225,,,pending,
-egA8-b7-3M__6,4,wonderful,1.9425,2.4025,,,pending,
-egA8-b7-3M__6,5,opportunity,2.5425,3.1625,,,pending,
-egA8-b7-3M__6,6,to,3.2625,3.3825,,,pending,
-egA8-b7-3M__6,7,network,3.4825,3.8625,,,pending,
-egA8-b7-3M__6,8,with,3.9625,4.0825,,,pending,
-egA8-b7-3M__6,9,other,4.2625,4.4425,,,pending,
-egA8-b7-3M__6,10,legal,4.6025,4.8825,,,pending,
-egA8-b7-3M__6,11,vendors.,4.9625,5.3825,,,pending,
-wny0OAz3g8__5,0,This,0.5825,0.7025,,,pending,
-wny0OAz3g8__5,1,is,0.7825,0.8225,,,pending,
-wny0OAz3g8__5,2,what’s,0.8825,1.0425,,,pending,
-wny0OAz3g8__5,3,now,1.1025,1.2225,,,pending,
-wny0OAz3g8__5,4,known,1.3025,1.5025,,,pending,
-wny0OAz3g8__5,5,as,1.5625,1.6225,,,pending,
-wny0OAz3g8__5,6,racial,1.7225,1.9825,,,pending,
-wny0OAz3g8__5,7,formation,2.0425,2.4425,,,pending,
-wny0OAz3g8__5,8,"theory,",2.5425,2.7825,,,pending,
-wny0OAz3g8__5,9,a,3.1025,3.1225,,,pending,
-wny0OAz3g8__5,10,theory,3.1825,3.3625,,,pending,
-wny0OAz3g8__5,11,formalized,3.4225,3.8825,,,pending,
-wny0OAz3g8__5,12,by,3.9425,4.0025,,,pending,
-wny0OAz3g8__5,13,modern,4.0825,4.3425,,,pending,
-wny0OAz3g8__5,14,sociologists,4.3825,4.9425,,,pending,
-wny0OAz3g8__5,15,Michael,4.9625,5.1825,,,pending,
-wny0OAz3g8__5,16,Omi,5.2825,5.4425,,,pending,
-wny0OAz3g8__5,17,and,5.5625,5.6225,,,pending,
-wny0OAz3g8__5,18,Howard,5.6625,5.8825,,,pending,
-wny0OAz3g8__5,19,Winant,5.9225,6.3825,,,pending,
-3nNcZdcdvU__5,0,Noncompliance,0.5625,1.5425,,,pending,
-3nNcZdcdvU__5,1,can,1.6825,1.8625,,,pending,
-3nNcZdcdvU__5,2,result,1.9825,2.4625,,,pending,
-3nNcZdcdvU__5,3,in,2.6825,2.7225,,,pending,
-3nNcZdcdvU__5,4,legal,2.8425,3.0825,,,pending,
-3nNcZdcdvU__5,5,liability,3.1425,3.8025,,,pending,
-3nNcZdcdvU__5,6,to,3.9825,4.1425,,,pending,
-3nNcZdcdvU__5,7,you,4.2625,4.4625,,,pending,
-3nNcZdcdvU__5,8,and,5.0425,5.1425,,,pending,
-3nNcZdcdvU__5,9,to,5.2425,5.3225,,,pending,
-3nNcZdcdvU__5,10,the,5.4025,5.4825,,,pending,
-3nNcZdcdvU__5,11,school,5.5425,5.7625,,,pending,
-3nNcZdcdvU__5,12,district,5.8225,6.1425,,,pending,
-3nNcZdcdvU__5,13,in,6.1825,6.2225,,,pending,
-3nNcZdcdvU__5,14,which,6.2825,6.4225,,,pending,
-3nNcZdcdvU__5,15,you,6.4825,6.5825,,,pending,
-3nNcZdcdvU__5,16,are,6.6425,6.7425,,,pending,
-3nNcZdcdvU__5,17,employed.,6.8225,7.2425,,,pending,
-I_e4mIh0yE__3,0,It's,0.5825,0.7225,,,pending,
-I_e4mIh0yE__3,1,perceived,0.9225,1.4425,,,pending,
-I_e4mIh0yE__3,2,that,1.5425,1.6625,,,pending,
-I_e4mIh0yE__3,3,you,1.7025,2.0425,,,pending,
-I_e4mIh0yE__3,4,have,3.1025,3.3625,,,pending,
-I_e4mIh0yE__3,5,actually,3.4225,3.7025,,,pending,
-I_e4mIh0yE__3,6,learned,3.8025,4.0825,,,pending,
-I_e4mIh0yE__3,7,"something,",4.2625,4.6825,,,pending,
-I_e4mIh0yE__3,8,over,5.4625,5.5825,,,pending,
-I_e4mIh0yE__3,9,the,5.6425,5.7025,,,pending,
-I_e4mIh0yE__3,10,course,5.7425,5.9425,,,pending,
-I_e4mIh0yE__3,11,of,5.9625,6.0225,,,pending,
-I_e4mIh0yE__3,12,your,6.0425,6.1625,,,pending,
-I_e4mIh0yE__3,13,"carreer,",6.2225,6.4425,,,pending,
-I_e4mIh0yE__3,14,and,6.4825,6.5425,,,pending,
-I_e4mIh0yE__3,15,that,6.5625,6.6425,,,pending,
-I_e4mIh0yE__3,16,you,6.6825,6.7825,,,pending,
-I_e4mIh0yE__3,17,won't,6.8425,7.0425,,,pending,
-I_e4mIh0yE__3,18,make,7.3425,7.5025,,,pending,
-I_e4mIh0yE__3,19,the,7.5425,7.6025,,,pending,
-I_e4mIh0yE__3,20,mistake,7.6425,7.9625,,,pending,
-I_e4mIh0yE__3,21,twice.,8.0625,8.3825,,,pending,
-yRb-Jum7EQ__5,0,Yesterday,0.1225,0.4825,,,pending,
-yRb-Jum7EQ__5,1,Eliav,0.6625,0.9225,,,pending,
-yRb-Jum7EQ__5,2,Gelman,1.0225,1.3825,,,pending,
-yRb-Jum7EQ__5,3,lost,1.4825,1.7425,,,pending,
-yRb-Jum7EQ__5,4,his,2.7625,3.0625,,,pending,
-yRb-Jum7EQ__5,5,life,3.1625,3.3825,,,pending,
-yRb-Jum7EQ__5,6,in,3.7225,3.7625,,,pending,
-yRb-Jum7EQ__5,7,another,3.8425,4.5025,,,pending,
-yRb-Jum7EQ__5,8,terrorist,4.8425,5.3025,,,pending,
-yRb-Jum7EQ__5,9,"attack,",5.4225,6.0825,,,pending,
-yRb-Jum7EQ__5,10,not,6.2825,6.4825,,,pending,
-yRb-Jum7EQ__5,11,by,6.6225,6.7225,,,pending,
-yRb-Jum7EQ__5,12,the,7.4225,7.5225,,,pending,
-yRb-Jum7EQ__5,13,students,7.5825,8.1425,,,pending,
-yRb-Jum7EQ__5,14,of,8.1825,8.2825,,,pending,
-yRb-Jum7EQ__5,15,"terrorism,",8.4025,8.7625,,,pending,
-yRb-Jum7EQ__5,16,but,8.7825,9.0825,,,pending,
-yRb-Jum7EQ__5,17,by,9.2025,9.2825,,,pending,
-yRb-Jum7EQ__5,18,those,9.4625,9.7225,,,pending,
-yRb-Jum7EQ__5,19,who,9.8225,10.0425,,,pending,
-yRb-Jum7EQ__5,20,teach,10.1025,10.2225,,,pending,
-yRb-Jum7EQ__5,21,"terrorism,",10.4425,10.9825,,,pending,
-yRb-Jum7EQ__5,22,a,11.1225,11.1425,,,pending,
-yRb-Jum7EQ__5,23,Palestinian,11.2225,11.7225,,,pending,
-yRb-Jum7EQ__5,24,teacher.,12.4625,12.8025,,,pending,
-yRb-Jum7EQ__1,0,it,1.0225,1.1025,,,pending,
-yRb-Jum7EQ__1,1,comes,2.2425,2.9425,,,pending,
-yRb-Jum7EQ__1,2,with,3.2425,3.6625,,,pending,
-yRb-Jum7EQ__1,3,the,4.5225,4.7625,,,pending,
-yRb-Jum7EQ__1,4,assistance,5.1625,6.6225,,,pending,
-yRb-Jum7EQ__1,5,and,6.9625,7.0825,,,pending,
-yRb-Jum7EQ__1,6,agitation,7.6825,8.0425,,,pending,
-yRb-Jum7EQ__1,7,of,8.0825,8.1425,,,pending,
-yRb-Jum7EQ__1,8,states,8.1625,8.3825,,,pending,
-yRb-Jum7EQ__1,9,and,8.4025,8.5425,,,pending,
-yRb-Jum7EQ__1,10,"regimes,",8.6225,8.8425,,,pending,
-yRb-Jum7EQ__1,11,Yesterday,9.3025,9.7425,,,pending,
-yRb-Jum7EQ__1,12,Iran,9.7825,10.0025,,,pending,
-yRb-Jum7EQ__1,13,announced,10.0625,11.3825,,,pending,
-yRb-Jum7EQ__1,14,that,11.4225,11.7225,,,pending,
-yRb-Jum7EQ__1,15,it,11.8425,11.9025,,,pending,
-yRb-Jum7EQ__1,16,will,11.9425,12.0825,,,pending,
-yRb-Jum7EQ__1,17,finance,12.1825,12.8625,,,pending,
-yRb-Jum7EQ__1,18,the,13.8425,14.0225,,,pending,
-yRb-Jum7EQ__1,19,families,14.2425,14.5625,,,pending,
-yRb-Jum7EQ__1,20,of,14.8225,14.8825,,,pending,
-yRb-Jum7EQ__1,21,the,14.9825,15.1625,,,pending,
-yRb-Jum7EQ__1,22,terrorists,15.2825,16.0425,,,pending,
-yRb-Jum7EQ__1,23,and,16.1425,16.2025,,,pending,
-yRb-Jum7EQ__1,24,murderers,16.2225,16.5225,,,pending,
-yRb-Jum7EQ__1,25,this,16.5625,16.7825,,,pending,
-yRb-Jum7EQ__1,26,shows,17.5825,17.6825,,,pending,
-yRb-Jum7EQ__1,27,that,17.7025,17.8025,,,pending,
-yRb-Jum7EQ__1,28,"Iran,",17.8625,18.0225,,,pending,
-yRb-Jum7EQ__1,29,even,18.1825,18.5225,,,pending,
-yRb-Jum7EQ__1,30,after,18.7825,19.0425,,,pending,
-yRb-Jum7EQ__1,31,the,19.0825,19.1425,,,pending,
-yRb-Jum7EQ__1,32,nuclear,19.1825,19.3225,,,pending,
-yRb-Jum7EQ__1,33,"agreement,",19.4025,19.8225,,,pending,
-yRb-Jum7EQ__1,34,is,20.2625,20.4025,,,pending,
-yRb-Jum7EQ__1,35,continuing,20.5625,21.8225,,,pending,
-yRb-Jum7EQ__1,36,to,21.8425,21.9025,,,pending,
-yRb-Jum7EQ__1,37,aid,22.0225,22.0825,,,pending,
-yRb-Jum7EQ__1,38,"terrorism,",22.1225,22.8425,,,pending,
-yRb-Jum7EQ__1,39,including,23.0625,24.0025,,,pending,
-yRb-Jum7EQ__1,40,Palestinian,24.1025,24.8825,,,pending,
-yRb-Jum7EQ__1,41,"terrorism,",24.9825,25.4625,,,pending,
-yRb-Jum7EQ__1,42,Hezbollah,25.5225,26.0625,,,pending,
-yRb-Jum7EQ__1,43,terrorism,26.8425,27.3025,,,pending,
-yRb-Jum7EQ__1,44,and,27.3825,27.4825,,,pending,
-yRb-Jum7EQ__1,45,its,27.6025,27.7025,,,pending,
-yRb-Jum7EQ__1,46,assistance,27.7825,28.1425,,,pending,
-yRb-Jum7EQ__1,47,to,28.2025,28.2825,,,pending,
-yRb-Jum7EQ__1,48,Hamas.,28.3425,28.6825,,,pending,
